PCON24CD,Parliamentary Constituency,Region,January 2025,January 2025,January 2025,January 2025,December 2024,December 2024,December 2024,December 2024,November 2024,November 2024,November 2024,November 2024,October 2024,October 2024,October 2024,October 2024,September 2024,September 2024,September 2024,September 2024
,,,Free-to-use ATM,Pay-to-use ATM,Counter Terminal,TOTAL,Free-to-use ATM,Pay-to-use ATM,Counter Terminal,TOTAL,Free-to-use ATM,Pay-to-use ATM,Counter Terminal,TOTAL,Free-to-use ATM,Pay-to-use ATM,Counter Terminal,TOTAL,Free-to-use ATM,Pay-to-use ATM,Counter Terminal,TOTAL
---
W07000081,Aberafan Maesteg,Wales,48,22,6,76,48,20,6,74,48,20,6,74,49,18,7,74,48,19,7,74
S14000060,Aberdeen North,Scotland,56,18,4,78,50,20,4,74,50,20,4,74,50,20,4,74,50,20,4,74
S14000061,Aberdeen South,Scotland,108,11,7,126,98,11,6,115,99,11,6,116,104,13,6,123,103,13,7,123
S14000062,Aberdeenshire North and Moray East,Scotland,69,13,1,83,64,11,1,76,64,11,1,76,63,11,2,76,65,11,1,77
S14000063,Airdrie and Shotts,Scotland,54,30,13,97,54,26,13,93,53,26,13,92,54,27,13,94,54,27,15,96
E14001063,Aldershot,South East,69,10,3,82,62,8,1,71,62,8,1,71,65,8,1,74,66,9,3,78
E14001064,Aldridge-Brownhills,West Midlands,38,10,4,52,37,10,4,51,38,10,4,52,39,10,3,52,39,10,4,53
S14000064,Alloa and Grangemouth,Scotland,51,17,6,74,46,18,4,68,46,18,4,68,46,19,4,69,48,19,4,71
E14001065,Altrincham and Sale West,North West,52,6,1,59,53,4,1,58,53,4,1,58,53,4,1,58,53,4,1,58
W07000082,Alyn and Deeside,Wales,44,13,1,58,42,14,3,59,42,14,3,59,42,14,3,59,42,14,3,59
E14001066,Amber Valley,East Midlands,43,6,6,55,46,6,5,57,45,6,6,57,44,6,6,56,45,6,6,57
S14000065,Angus and Perthshire Glens,Scotland,63,11,7,81,60,12,7,79,61,12,6,79,62,12,6,80,62,11,7,80
S14000066,Arbroath and Broughty Ferry,Scotland,51,13,8,72,48,8,10,66,48,9,11,68,49,10,10,69,49,11,10,70
S14000067,"Argyll, Bute and South Lochaber",Scotland,64,7,6,77,58,7,5,70,57,7,4,68,61,7,5,73,61,7,5,73
E14001067,Arundel and South Downs,South East,22,5,0,27,23,4,1,28,23,4,1,28,23,4,1,28,23,6,1,30
E14001068,Ashfield,East Midlands,49,12,6,67,48,13,7,68,48,12,7,67,48,12,7,67,48,12,7,67
E14001069,Ashford,South East,65,9,1,75,60,8,0,68,59,8,0,67,60,8,0,68,60,9,0,69
E14001070,Ashton-under-Lyne,North West,67,24,5,96,64,23,5,92,64,23,5,92,64,21,5,90,65,22,5,92
E14001071,Aylesbury,South East,63,10,2,75,58,10,4,72,59,10,5,74,57,10,5,72,58,10,4,72
S14000107,"Ayr, Carrick and Cumnock",Scotland,86,18,6,110,79,16,5,100,78,16,5,99,76,16,5,97,77,16,6,99
E14001072,Banbury,South East,60,6,2,68,59,4,2,65,58,5,2,65,59,5,2,66,58,5,2,65
W07000083,Bangor Aberconwy,Wales,69,13,5,87,62,10,6,78,60,11,6,77,61,11,6,78,64,11,6,81
E14001073,Barking,London,56,21,6,83,49,20,7,76,49,19,7,75,50,19,7,76,49,19,7,75
E14001074,Barnsley North,Yorkshire and The Humber,101,15,8,124,96,15,7,118,96,15,7,118,96,15,8,119,92,15,7,114
E14001075,Barnsley South,Yorkshire and The Humber,50,14,9,73,46,14,9,69,46,14,9,69,46,15,8,69,46,15,8,69
E14001076,Barrow and Furness,North West,64,7,2,73,57,8,2,67,58,8,2,68,60,8,2,70,61,8,2,71
E14001077,Basildon and Billericay,East of England,68,24,1,93,63,21,1,85,66,22,1,89,67,22,1,90,67,22,1,90
E14001078,Basingstoke,South East,75,11,4,90,63,9,5,77,63,9,4,76,64,9,4,77,67,8,5,80
E14001079,Bassetlaw,East Midlands,76,7,2,85,69,6,1,76,68,6,1,75,69,6,1,76,69,6,1,76
E14001080,Bath,South West,67,9,1,77,67,9,1,77,68,9,1,78,68,9,1,78,68,9,1,78
S14000068,Bathgate and Linlithgow,Scotland,49,19,9,77,47,16,10,73,47,16,10,73,50,16,10,76,50,16,9,75
E14001081,Battersea,London,65,18,5,88,62,15,5,82,61,15,5,81,62,16,5,83,62,16,5,83
E14001082,Beaconsfield,South East,38,11,3,52,36,11,2,49,36,11,2,49,36,11,3,50,36,11,3,50
E14001083,Beckenham and Penge,London,41,9,4,54,33,8,5,46,33,8,5,46,32,8,5,45,33,8,4,45
E14001084,Bedford,East of England,78,16,4,98,77,14,4,95,71,15,4,90,73,15,4,92,73,15,4,92
N05000001,Belfast East,Northern Ireland,57,12,3,72,52,10,2,64,53,10,2,65,55,10,2,67,54,10,2,66
N05000002,Belfast North,Northern Ireland,74,25,7,106,70,19,8,97,70,19,8,97,70,17,8,95,69,20,7,96
N05000003,Belfast South and Mid Down,Northern Ireland,143,26,2,171,134,18,2,154,135,19,2,156,125,23,2,150,132,23,2,157
N05000004,Belfast West,Northern Ireland,69,51,19,139,63,43,16,122,63,44,15,122,62,42,16,120,63,46,16,125
E14001085,Bermondsey and Old Southwark,London,105,22,1,128,99,20,1,120,100,20,0,120,104,21,0,125,104,21,0,125
S14000108,"Berwickshire, Roxburgh and Selkirk",Scotland,59,11,2,72,55,7,2,64,55,7,2,64,55,8,2,65,55,8,2,65
E14001086,Bethnal Green and Stepney,London,80,34,3,117,75,29,4,108,75,28,5,108,74,29,5,108,75,28,3,106
E14001087,Beverley and Holderness,Yorkshire and The Humber,52,4,0,56,50,5,2,57,50,5,2,57,51,5,2,58,51,5,2,58
E14001088,Bexhill and Battle,South East,29,8,4,41,24,7,3,34,23,7,3,33,24,7,3,34,25,7,3,35
E14001089,Bexleyheath and Crayford,London,61,29,3,93,59,26,5,90,59,28,5,92,59,28,5,92,59,29,6,94
E14001090,Bicester and Woodstock,South East,40,5,1,46,38,4,1,43,38,4,1,43,39,4,1,44,40,4,1,45
E14001091,Birkenhead,North West,62,30,6,98,67,28,7,102,66,28,6,100,61,28,6,95,64,28,6,98
E14001092,Birmingham Edgbaston,West Midlands,45,22,3,70,43,20,4,67,43,19,4,66,43,19,4,66,44,21,4,69
E14001093,Birmingham Erdington,West Midlands,60,30,9,99,56,28,5,89,56,27,5,88,57,27,6,90,61,28,6,95
E14001094,Birmingham Hall Green and Moseley,West Midlands,59,22,1,82,57,15,1,73,57,16,1,74,59,17,1,77,57,17,1,75
E14001095,Birmingham Hodge Hill and Solihull North,West Midlands,51,29,5,85,49,26,5,80,50,27,5,82,51,28,5,84,53,29,5,87
E14001096,Birmingham Ladywood,West Midlands,156,69,7,232,161,61,12,234,161,64,12,237,161,62,11,234,163,57,12,232
E14001097,Birmingham Northfield,West Midlands,59,29,3,91,54,26,3,83,54,25,3,82,54,27,4,85,53,25,4,82
E14001098,Birmingham Perry Barr,West Midlands,75,33,11,119,66,28,6,100,69,28,6,103,70,27,6,103,71,28,6,105
E14001099,Birmingham Selly Oak,West Midlands,32,31,7,70,29,25,5,59,29,25,6,60,30,26,6,62,29,25,6,60
E14001100,Birmingham Yardley,West Midlands,70,30,10,110,64,24,7,95,64,26,7,97,64,25,7,96,66,24,9,99
E14001101,Bishop Auckland,North East,56,9,1,66,57,7,1,65,57,7,1,65,59,7,1,67,57,7,1,65
E14001102,Blackburn,North West,87,27,9,123,75,23,12,110,75,23,12,110,76,24,13,113,78,24,12,114
E14001103,Blackley and Middleton South,North West,55,20,4,79,49,15,4,68,49,16,4,69,50,16,4,70,49,16,3,68
E14001104,Blackpool North and Fleetwood,North West,56,14,3,73,53,12,2,67,52,12,3,67,52,12,3,67,52,12,3,67
E14001105,Blackpool South,North West,104,82,1,187,105,66,8,179,104,69,8,181,105,67,7,179,104,68,7,179
W07000084,Blaenau Gwent and Rhymney,Wales,37,34,13,84,38,29,15,82,38,30,15,83,38,30,14,82,38,30,14,82
E14001106,Blaydon and Consett,North East,37,12,2,51,35,13,1,49,34,13,2,49,34,13,2,49,34,13,2,49
E14001107,Blyth and Ashington,North East,58,27,3,88,56,21,5,82,57,21,5,83,58,22,5,85,57,22,3,82
E14001108,Bognor Regis and Littlehampton,South East,56,17,2,75,52,13,1,66,52,14,2,68,52,15,2,69,52,14,2,68
E14001109,Bolsover,East Midlands,43,9,11,63,40,9,13,62,40,9,13,62,40,9,13,62,40,9,14,63
E14001110,Bolton North East,North West,55,17,4,76,55,14,5,74,55,14,5,74,55,14,4,73,54,14,3,71
E14001111,Bolton South and Walkden,North West,101,29,9,139,89,22,5,116,89,23,6,118,85,22,6,113,86,25,7,118
E14001112,Bolton West,North West,37,11,4,52,31,12,6,49,31,12,6,49,31,12,5,48,31,12,3,46
E14001113,Bootle,North West,62,39,3,104,60,38,3,101,60,39,3,102,59,39,3,101,60,37,3,100
E14001114,Boston and Skegness,East Midlands,105,32,2,139,98,34,2,134,99,36,2,137,107,49,2,158,105,51,2,158
E14001115,Bournemouth East,South West,41,11,1,53,37,12,1,50,37,12,1,50,38,13,1,52,38,13,1,52
E14001116,Bournemouth West,South West,89,17,2,108,80,14,2,96,79,15,2,96,79,14,2,95,80,13,2,95
E14001117,Bracknell,South East,55,9,0,64,48,8,0,56,47,8,0,55,49,8,0,57,49,8,0,57
E14001118,Bradford East,Yorkshire and The Humber,51,15,5,71,50,17,7,74,49,16,7,72,48,16,8,72,48,16,8,72
E14001119,Bradford South,Yorkshire and The Humber,41,19,3,63,39,17,6,62,40,17,6,63,40,17,6,63,40,17,5,62
E14001120,Bradford West,Yorkshire and The Humber,92,26,7,125,89,24,6,119,84,25,7,116,84,24,6,114,84,24,7,115
E14001121,Braintree,East of England,42,5,1,48,40,5,1,46,41,5,2,48,41,5,2,48,41,5,2,48
W07000085,"Brecon, Radnor and Cwm Tawe",Wales,44,6,2,52,41,6,2,49,41,6,2,49,41,6,2,49,42,6,2,50
E14001122,Brent East,London,59,21,6,86,51,18,6,75,51,17,6,74,50,18,6,74,49,17,6,72
E14001123,Brent West,London,73,10,4,87,66,13,5,84,66,13,5,84,67,12,5,84,65,12,6,83
E14001124,Brentford and Isleworth,London,81,19,8,108,70,16,4,90,70,16,4,90,69,16,4,89,71,16,5,92
E14001125,Brentwood and Ongar,East of England,47,8,4,59,40,6,4,50,40,6,4,50,40,6,4,50,39,6,4,49
W07000086,Bridgend,Wales,61,21,2,84,54,17,2,73,54,17,2,73,54,18,2,74,54,18,2,74
E14001126,Bridgwater,South West,68,26,4,98,61,23,4,88,61,23,4,88,60,24,4,88,62,25,4,91
E14001127,Bridlington and The Wolds,Yorkshire and The Humber,50,15,0,65,44,15,1,60,43,14,0,57,44,15,0,59,45,15,0,60
E14001128,Brigg and Immingham,Yorkshire and The Humber,43,8,3,54,44,8,2,54,44,8,2,54,43,8,2,53,44,9,2,55
E14001129,Brighton Kemptown and Peacehaven,South East,34,34,1,69,31,29,1,61,32,28,1,61,32,30,1,63,31,30,1,62
E14001130,Brighton Pavilion,South East,77,29,6,112,76,21,5,102,77,22,5,104,77,22,5,104,76,23,5,104
E14001131,Bristol Central,South West,95,21,2,118,89,17,1,107,90,21,1,112,91,21,1,113,91,22,2,115
E14001132,Bristol East,South West,42,25,7,74,40,19,7,66,41,19,7,67,41,19,7,67,40,19,7,66
E14001133,Bristol North East,South West,44,11,6,61,47,12,4,63,47,12,4,63,47,11,4,62,47,12,4,63
E14001134,Bristol North West,South West,35,15,0,50,32,14,0,46,33,15,0,48,33,15,0,48,34,15,0,49
E14001135,Bristol South,South West,34,18,5,57,35,15,2,52,35,15,3,53,35,15,3,53,35,15,3,53
E14001136,Broadland and Fakenham,East of England,28,2,2,32,29,1,1,31,30,1,1,32,30,1,1,32,29,1,1,31
E14001137,Bromley and Biggin Hill,London,59,10,2,71,57,11,1,69,57,11,1,69,56,11,1,68,52,11,1,64
E14001138,Bromsgrove,West Midlands,45,12,1,58,43,12,1,56,43,13,1,57,43,12,1,56,43,12,1,56
E14001139,Broxbourne,East of England,47,20,2,69,47,15,2,64,45,15,2,62,45,15,2,62,44,16,2,62
E14001140,Broxtowe,East Midlands,44,18,2,64,39,17,4,60,39,18,4,61,39,18,4,61,39,18,4,61
E14001141,Buckingham and Bletchley,South East,41,10,3,54,39,9,3,51,39,8,3,50,40,8,3,51,39,11,2,52
E14001142,Burnley,North West,74,24,6,104,69,23,6,98,69,24,6,99,71,25,6,102,71,24,7,102
E14001143,Burton and Uttoxeter,West Midlands,76,19,3,98,73,16,4,93,74,16,4,94,73,16,4,93,73,15,4,92
E14001144,Bury North,North West,65,20,3,88,61,14,3,78,61,14,4,79,61,15,3,79,61,15,3,79
E14001145,Bury South,North West,34,13,2,49,34,12,2,48,34,12,2,48,34,12,2,48,34,12,2,48
E14001146,Bury St Edmunds and Stowmarket,East of England,61,7,2,70,57,6,2,65,59,5,2,66,56,6,2,64,57,6,2,65
W07000087,Caerfyrddin,Wales,51,12,0,63,49,9,0,58,49,9,0,58,50,9,0,59,49,11,0,60
W07000088,Caerphilly,Wales,45,18,5,68,46,17,6,69,46,17,7,70,45,17,7,69,44,17,6,67
S14000069,"Caithness, Sutherland and Easter Ross",Scotland,57,10,5,72,54,10,6,70,55,9,6,70,55,9,6,70,55,10,7,72
E14001147,Calder Valley,Yorkshire and The Humber,36,14,7,57,34,12,5,51,34,10,5,49,35,11,5,51,35,11,6,52
E14001148,Camborne and Redruth,South West,41,7,1,49,40,10,2,52,41,9,2,52,41,8,2,51,40,8,1,49
E14001149,Cambridge,East of England,66,12,3,81,66,9,2,77,66,9,2,77,65,8,2,75,66,8,3,77
E14001150,Cannock Chase,West Midlands,64,16,2,82,62,14,2,78,62,15,2,79,63,15,2,80,62,14,2,78
E14001151,Canterbury,South East,62,11,2,75,67,10,2,79,67,10,2,79,67,10,2,79,66,10,2,78
W07000089,Cardiff East,Wales,48,20,2,70,48,19,2,69,48,19,2,69,48,19,2,69,48,19,2,69
W07000090,Cardiff North,Wales,44,9,1,54,41,8,1,50,41,8,1,50,41,10,1,52,41,9,1,51
W07000091,Cardiff South and Penarth,Wales,112,26,5,143,105,22,4,131,106,22,4,132,107,23,4,134,106,23,4,133
W07000092,Cardiff West,Wales,48,17,3,68,46,15,3,64,46,15,3,64,45,15,3,63,45,15,4,64
E14001152,Carlisle,North West,79,8,0,87,73,8,0,81,70,8,0,78,69,8,0,77,74,8,0,82
E14001153,Carshalton and Wallington,London,49,19,8,76,44,18,7,69,44,18,7,69,43,18,7,68,47,18,8,73
E14001154,Castle Point,East of England,39,12,1,52,38,12,1,51,39,12,1,52,39,12,1,52,38,12,1,51
S14000109,Central Ayrshire,Scotland,65,22,7,94,59,22,7,88,58,22,7,87,59,22,7,88,59,22,8,89
E14001155,Central Devon,South West,33,8,1,42,28,7,1,36,30,7,1,38,31,7,1,39,31,7,1,39
E14001156,Central Suffolk and North Ipswich,East of England,29,2,1,32,28,2,1,31,28,2,1,31,28,2,1,31,28,2,1,31
W07000093,Ceredigion Preseli,Wales,58,9,1,68,50,6,1,57,50,6,1,57,51,8,1,60,49,8,1,58
E14001157,Chatham and Aylesford,South East,36,24,5,65,32,19,5,56,32,19,5,56,32,19,5,56,32,19,5,56
E14001158,Cheadle,North West,26,5,0,31,25,4,1,30,25,4,1,30,24,4,1,29,24,4,1,29
E14001159,Chelmsford,East of England,75,8,1,84,69,7,1,77,70,7,1,78,71,7,1,79,71,8,1,80
E14001160,Chelsea and Fulham,London,69,16,0,85,68,9,0,77,69,9,0,78,68,9,0,77,66,9,0,75
E14001161,Cheltenham,South West,81,14,3,98,73,9,1,83,73,9,1,83,73,10,1,84,74,10,3,87
E14001162,Chesham and Amersham,South East,25,3,0,28,26,3,0,29,26,3,0,29,26,3,0,29,25,3,0,28
E14001163,Chester North and Neston,North West,77,6,1,84,75,7,2,84,75,7,2,84,76,7,1,84,77,7,1,85
E14001164,Chester South and Eddisbury,North West,22,3,1,26,22,3,0,25,22,3,0,25,22,3,1,26,22,3,1,26
E14001165,Chesterfield,East Midlands,82,18,4,104,77,17,5,99,76,17,5,98,78,16,5,99,77,18,5,100
E14001166,Chichester,South East,64,13,3,80,65,10,1,76,66,11,1,78,66,13,1,80,66,13,2,81
E14001167,Chingford and Woodford Green,East of England,28,15,1,44,29,12,0,41,29,12,1,42,31,12,1,44,29,12,1,42
E14001168,Chippenham,South West,51,6,0,57,50,5,0,55,51,5,0,56,51,5,0,56,51,5,0,56
E14001169,Chipping Barnet,London,36,8,3,47,33,8,3,44,33,8,3,44,33,8,3,44,33,8,3,44
E14001170,Chorley,North West,59,7,0,66,60,7,1,68,60,7,1,68,60,7,0,67,59,7,0,66
E14001171,Christchurch,South West,40,10,0,50,39,7,0,46,38,7,0,45,38,7,0,45,39,7,0,46
E14001172,Cities of London and Westminster,London,442,37,1,480,385,29,1,415,393,28,1,422,382,28,1,411,397,29,2,428
E14001173,City of Durham,North East,57,16,6,79,56,11,4,71,56,11,4,71,56,11,4,71,56,11,5,72
E14001174,Clacton,East of England,66,23,2,91,60,23,2,85,60,23,2,85,63,23,2,88,62,23,2,87
E14001175,Clapham and Brixton Hill,London,52,25,5,82,44,19,5,68,44,19,5,68,48,20,5,73,45,20,5,70
W07000094,Clwyd East,Wales,56,16,3,75,55,11,1,67,54,11,1,66,55,11,2,68,55,11,2,68
W07000095,Clwyd North,Wales,83,28,7,118,74,21,6,101,73,21,6,100,74,23,6,103,73,23,7,103
S14000070,Coatbridge and Bellshill,Scotland,71,30,3,104,66,29,5,100,66,29,5,100,67,30,4,101,68,29,4,101
E14001176,Colchester,East of England,82,12,3,97,79,10,0,89,79,10,0,89,78,10,0,88,76,10,0,86
E14001177,Colne Valley,Yorkshire and The Humber,27,11,3,41,26,9,4,39,26,9,4,39,26,9,4,39,26,11,4,41
E14001178,Congleton,North West,31,7,1,39,29,7,1,37,29,7,1,37,29,7,1,37,29,7,1,37
E14001179,Corby and East Northamptonshire,East Midlands,52,15,3,70,55,14,4,73,55,14,4,73,54,15,4,73,54,15,4,73
E14001180,Coventry East,West Midlands,70,38,11,119,67,32,9,108,66,35,9,110,67,35,9,111,66,35,8,109
E14001181,Coventry North West,West Midlands,44,27,7,78,44,24,5,73,44,24,5,73,45,26,5,76,45,26,6,77
E14001182,Coventry South,West Midlands,105,34,5,144,95,27,7,129,94,27,7,128,95,27,6,128,97,27,5,129
S14000071,Cowdenbeath and Kirkcaldy,Scotland,60,21,2,83,62,18,1,81,62,17,1,80,62,17,0,79,62,17,0,79
E14001183,Cramlington and Killingworth,North East,43,15,2,60,43,16,2,61,43,15,2,60,43,16,2,61,43,16,2,61
E14001184,Crawley,South East,137,15,0,152,130,15,2,147,129,15,2,146,131,15,2,148,130,15,2,147
E14001185,Crewe and Nantwich,North West,76,19,3,98,75,17,2,94,75,17,2,94,77,17,2,96,77,17,2,96
E14001186,Croydon East,London,33,9,6,48,34,9,6,49,34,9,6,49,34,9,6,49,34,9,6,49
E14001187,Croydon South,London,25,9,4,38,24,7,6,37,24,7,6,37,25,7,6,38,25,7,5,37
E14001188,Croydon West,London,112,27,5,144,101,24,7,132,101,24,7,132,101,23,6,130,103,23,5,131
S14000072,Cumbernauld and Kirkintilloch,Scotland,47,19,0,66,39,17,0,56,40,17,0,57,44,17,0,61,45,16,0,61
E14001189,Dagenham and Rainham,London,43,24,1,68,40,21,1,62,39,22,1,62,39,23,1,63,39,23,1,63
E14001190,Darlington,North East,73,17,4,94,71,14,5,90,71,14,5,90,71,14,5,90,71,14,4,89
E14001191,Dartford,South East,73,10,4,87,67,8,5,80,67,7,5,79,67,7,5,79,68,7,5,80
E14001192,Daventry,East Midlands,33,15,0,48,33,13,0,46,33,13,0,46,33,13,0,46,32,13,0,45
E14001193,Derby North,East Midlands,38,14,3,55,39,13,4,56,38,13,4,55,39,14,4,57,39,13,3,55
E14001194,Derby South,East Midlands,117,40,6,163,111,35,3,149,110,37,4,151,112,36,5,153,109,35,5,149
E14001195,Derbyshire Dales,East Midlands,32,6,2,40,30,6,2,38,31,6,2,39,29,6,2,37,30,6,2,38
E14001196,Dewsbury and Batley,Yorkshire and The Humber,59,16,16,91,54,16,13,83,58,15,13,86,58,16,13,87,57,16,11,84
E14001197,Didcot and Wantage,South East,32,5,4,41,31,5,4,40,31,5,4,40,31,4,4,39,30,4,4,38
E14001198,Doncaster Central,Yorkshire and The Humber,112,29,8,149,109,25,8,142,109,26,8,143,108,25,9,142,108,27,10,145
E14001199,Doncaster East and the Isle of Axholme,Yorkshire and The Humber,31,11,3,45,29,10,4,43,30,9,4,43,30,11,4,45,30,11,4,45
E14001200,Doncaster North,Yorkshire and The Humber,51,15,8,74,46,13,7,66,46,13,8,67,46,13,8,67,49,13,8,70
E14001201,Dorking and Horley,South East,23,7,3,33,25,7,2,34,25,7,2,34,25,7,2,34,23,7,2,32
E14001202,Dover and Deal,South East,53,21,4,78,50,19,3,72,49,20,3,72,48,19,3,70,48,19,3,70
E14001203,Droitwich and Evesham,West Midlands,41,5,3,49,32,3,2,37,37,3,2,42,37,3,2,42,37,3,2,42
E14001204,Dudley,West Midlands,63,17,3,83,57,13,3,73,58,13,3,74,58,14,2,74,59,12,2,73
E14001205,Dulwich and West Norwood,London,42,21,6,69,44,21,4,69,44,21,4,69,45,21,4,70,44,21,3,68
S14000073,Dumfries and Galloway,Scotland,79,11,4,94,74,12,4,90,75,11,4,90,75,11,4,90,74,11,4,89
S14000074,"Dumfriesshire, Clydesdale and Tweeddale",Scotland,50,15,3,68,49,14,2,65,49,14,3,66,50,14,3,67,49,14,3,66
S14000075,Dundee Central,Scotland,112,25,14,151,99,20,15,134,99,20,15,134,101,21,16,138,101,20,16,137
S14000076,Dunfermline and Dollar,Scotland,82,8,1,91,73,7,1,81,73,7,1,81,73,7,1,81,76,7,1,84
E14001206,Dunstable and Leighton Buzzard,East of England,61,11,5,77,48,11,6,65,50,11,7,68,54,11,7,72,52,11,7,70
W07000096,Dwyfor Meirionnydd,Wales,61,21,4,86,62,16,2,80,62,16,3,81,63,16,3,82,62,18,3,83
E14001207,Ealing Central and Acton,London,86,15,1,102,87,12,3,102,86,12,2,100,86,11,2,99,86,12,1,99
E14001208,Ealing North,London,48,16,3,67,45,16,2,63,45,15,2,62,45,15,2,62,45,15,2,62
E14001209,Ealing Southall,London,63,20,7,90,62,19,6,87,62,19,7,88,62,19,7,88,63,19,7,89
E14001210,Earley and Woodley,South East,34,8,3,45,31,9,2,42,31,8,3,42,32,8,2,42,33,8,2,43
E14001211,Easington,North East,56,20,6,82,54,19,6,79,56,19,6,81,54,18,7,79,54,18,6,78
N05000005,East Antrim,Northern Ireland,53,6,2,61,45,6,2,53,45,6,2,53,48,6,2,56,48,5,2,55
E14001212,East Grinstead and Uckfield,South East,38,5,0,43,30,5,0,35,32,5,0,37,34,5,0,39,33,5,0,38
E14001213,East Ham,London,74,15,6,95,64,14,8,86,65,14,8,87,66,15,8,89,64,14,8,86
E14001214,East Hampshire,South East,49,2,1,52,38,2,1,41,38,2,1,41,40,2,1,43,43,2,0,45
S14000077,East Kilbride and Strathaven,Scotland,57,12,1,70,53,12,1,66,53,12,1,66,56,12,1,69,56,12,1,69
N05000006,East Londonderry,Northern Ireland,90,9,0,99,85,7,0,92,84,9,0,93,88,9,0,97,86,9,0,95
S14000021,East Renfrewshire,Scotland,44,9,0,53,44,9,0,53,43,9,0,52,43,9,0,52,44,9,0,53
E14001215,East Surrey,South East,29,12,4,45,28,11,7,46,28,11,7,46,28,11,7,46,29,11,6,46
E14001216,East Thanet,South East,75,26,15,116,66,27,11,104,67,26,12,105,64,26,12,102,67,25,13,105
E14001217,East Wiltshire,South West,35,9,0,44,37,7,2,46,38,7,2,47,36,8,1,45,36,8,1,45
E14001218,East Worthing and Shoreham,South East,25,7,6,38,23,7,5,35,24,7,5,36,24,7,5,36,24,7,5,36
E14001219,Eastbourne,South East,71,14,3,88,68,13,3,84,68,13,3,84,68,13,3,84,67,13,3,83
E14001220,Eastleigh,South East,46,6,0,52,40,6,0,46,39,6,0,45,39,6,0,45,41,6,0,47
S14000078,Edinburgh East and Musselburgh,Scotland,86,17,8,111,85,15,6,106,86,14,7,107,90,15,8,113,89,15,10,114
S14000079,Edinburgh North and Leith,Scotland,119,11,4,134,101,8,7,116,102,8,7,117,107,8,7,122,108,8,7,123
S14000080,Edinburgh South,Scotland,40,14,2,56,35,14,2,51,34,14,2,50,39,14,2,55,38,14,2,54
S14000081,Edinburgh South West,Scotland,59,12,2,73,58,10,2,70,59,10,3,72,60,10,2,72,60,10,1,71
S14000082,Edinburgh West,Scotland,59,21,2,82,58,19,1,78,58,20,1,79,57,20,1,78,58,19,1,78
E14001221,Edmonton and Winchmore Hill,London,39,35,3,77,31,27,1,59,31,28,1,60,32,28,1,61,32,28,2,62
E14001222,Ellesmere Port and Bromborough,North West,53,17,9,79,54,17,6,77,54,17,6,77,53,16,6,75,52,15,6,73
E14001223,Eltham and Chislehurst,London,67,14,4,85,55,10,6,71,55,10,6,71,53,11,6,70,55,12,5,72
E14001224,Ely and East Cambridgeshire,East of England,44,2,0,46,39,2,1,42,40,2,1,43,40,2,1,43,40,2,0,42
E14001225,Enfield North,London,79,21,3,103,78,17,3,98,77,17,3,97,78,17,3,98,78,18,3,99
E14001226,Epping Forest,East of England,41,11,0,52,36,9,0,45,36,9,0,45,34,8,0,42,35,9,0,44
E14001227,Epsom and Ewell,South East,56,11,1,68,54,11,1,66,54,10,1,65,54,10,1,65,53,10,1,64
E14001228,Erewash,East Midlands,49,7,12,68,50,3,9,62,49,3,10,62,49,3,12,64,49,3,12,64
E14001229,Erith and Thamesmead,London,39,15,4,58,39,12,5,56,39,12,5,56,39,13,5,57,40,11,5,56
E14001230,Esher and Walton,South East,45,13,2,60,42,10,2,54,43,8,2,53,43,8,2,53,43,8,2,53
E14001231,Exeter,South West,81,12,2,95,77,10,0,87,78,10,1,89,81,11,1,93,79,10,1,90
E14001232,Exmouth and Exeter East,South West,45,10,0,55,38,10,0,48,39,9,0,48,38,10,0,48,37,10,0,47
S14000083,Falkirk,Scotland,67,31,6,104,59,32,4,95,59,32,4,95,60,31,4,95,61,31,5,97
E14001233,Fareham and Waterlooville,South East,70,5,4,79,71,5,4,80,73,5,4,82,73,5,4,82,72,5,4,81
E14001234,Farnham and Bordon,South East,38,7,3,48,38,4,2,44,37,5,2,44,37,5,2,44,37,5,3,45
E14001235,Faversham and Mid Kent,South East,28,9,7,44,26,9,5,40,26,9,5,40,26,9,5,40,25,9,6,40
E14001236,Feltham and Heston,London,42,36,4,82,40,25,4,69,40,25,4,69,40,25,4,69,40,28,5,73
N05000007,Fermanagh and South Tyrone,Northern Ireland,97,14,4,115,96,9,4,109,95,11,4,110,96,13,4,113,96,13,4,113
E14001237,Filton and Bradley Stoke,South West,47,11,2,60,42,8,1,51,42,9,1,52,42,10,1,53,42,10,1,53
E14001238,Finchley and Golders Green,London,58,11,4,73,55,9,8,72,55,9,8,72,55,8,8,71,55,8,8,71
E14001239,Folkestone and Hythe,South East,65,9,10,84,60,9,10,79,60,11,10,81,63,11,10,84,64,11,10,85
E14001240,Forest of Dean,South West,15,10,1,26,15,10,2,27,15,10,2,27,15,10,2,27,15,10,2,27
N05000008,Foyle,Northern Ireland,89,31,2,122,76,26,3,105,77,25,3,105,75,30,3,108,76,30,2,108
E14001241,Frome and East Somerset,South West,36,5,1,42,33,5,1,39,33,5,1,39,33,5,1,39,33,5,1,39
E14001242,Fylde,North West,49,10,7,66,48,7,10,65,48,7,10,65,48,7,10,65,48,7,10,65
E14001243,Gainsborough,East Midlands,41,6,3,50,36,5,4,45,36,5,4,45,36,5,4,45,36,5,4,45
E14001244,Gateshead Central and Whickham,North East,73,25,9,107,64,19,9,92,64,20,9,93,64,20,8,92,64,20,9,93
E14001245,Gedling,East Midlands,44,9,3,56,42,7,3,52,40,7,3,50,42,7,3,52,43,7,3,53
E14001246,Gillingham and Rainham,South East,42,22,5,69,36,21,4,61,36,21,4,61,35,21,4,60,35,21,4,60
S14000084,Glasgow East,Scotland,92,33,20,145,94,29,20,143,94,30,19,143,91,31,19,141,90,32,19,141
S14000085,Glasgow North,Scotland,152,43,8,203,130,37,7,174,131,37,8,176,133,38,8,179,134,37,8,179
S14000086,Glasgow North East,Scotland,74,17,5,96,70,13,8,91,69,14,8,91,71,14,7,92,69,15,6,90
S14000087,Glasgow South,Scotland,63,17,5,85,59,15,5,79,59,15,5,79,58,16,5,79,60,17,5,82
S14000088,Glasgow South West,Scotland,64,25,7,96,54,22,8,84,55,22,8,85,55,21,8,84,55,22,8,85
S14000089,Glasgow West,Scotland,64,25,9,98,62,21,9,92,60,20,9,89,62,21,9,92,63,21,10,94
E14001247,Glastonbury and Somerton,South West,31,10,3,44,28,7,2,37,28,7,2,37,29,9,2,40,29,11,2,42
S14000090,Glenrothes and Mid Fife,Scotland,67,24,3,94,65,23,4,92,64,24,4,92,66,24,4,94,66,24,4,94
E14001248,Gloucester,South West,80,14,6,100,75,14,7,96,76,14,6,96,75,14,6,95,76,14,6,96
E14001249,Godalming and Ash,South East,29,4,0,33,27,2,1,30,27,2,1,30,28,2,1,31,28,2,1,31
E14001250,Goole and Pocklington,Yorkshire and The Humber,51,10,0,61,51,9,0,60,50,9,0,59,50,9,0,59,50,9,0,59
S14000091,Gordon and Buchan,Scotland,45,0,1,46,44,0,0,44,44,0,0,44,44,0,0,44,44,0,0,44
E14001251,Gorton and Denton,North West,44,27,9,80,44,22,7,73,43,22,7,72,43,22,7,72,42,22,6,70
E14001252,Gosport,South East,46,14,3,63,47,10,2,59,45,10,2,57,49,10,2,61,49,10,2,61
W07000097,Gower,Wales,36,12,3,51,33,13,3,49,33,13,3,49,34,13,3,50,34,13,3,50
E14001253,Grantham and Bourne,East Midlands,57,11,2,70,51,10,2,63,50,10,2,62,49,10,2,61,49,10,2,61
E14001254,Gravesham,South East,53,19,5,77,46,15,3,64,46,15,3,64,46,15,3,64,46,15,3,64
E14001255,Great Grimsby and Cleethorpes,Yorkshire and The Humber,97,38,6,141,85,35,6,126,89,35,5,129,89,35,5,129,90,35,4,129
E14001256,Great Yarmouth,East of England,80,59,8,147,78,56,8,142,78,59,7,144,80,65,7,152,79,66,7,152
E14001257,Greenwich and Woolwich,London,103,21,3,127,88,19,2,109,88,19,2,109,87,19,2,108,87,19,3,109
E14001258,Guildford,South East,67,6,0,73,60,3,0,63,61,3,0,64,61,3,0,64,60,3,0,63
E14001259,Hackney North and Stoke Newington,London,40,25,1,66,38,21,3,62,38,21,3,62,38,22,3,63,40,22,2,64
E14001260,Hackney South and Shoreditch,London,75,43,3,121,63,39,2,104,63,38,2,103,62,39,3,104,64,39,3,106
E14001261,Halesowen,West Midlands,34,22,6,62,32,16,7,55,32,16,6,54,32,17,6,55,32,17,6,55
E14001262,Halifax,Yorkshire and The Humber,68,18,8,94,64,17,5,86,63,17,5,85,63,17,6,86,64,17,4,85
E14001263,Hamble Valley,South East,33,2,1,36,32,1,1,34,32,1,1,34,31,1,1,33,31,1,1,33
S14000092,Hamilton and Clyde Valley,Scotland,80,19,2,101,74,13,6,93,74,13,6,93,74,13,5,92,74,13,4,91
E14001264,Hammersmith and Chiswick,London,113,20,5,138,100,14,5,119,105,14,6,125,106,15,6,127,106,16,5,127
E14001265,Hampstead and Highgate,London,44,13,3,60,38,14,3,55,38,14,3,55,39,13,3,55,38,13,4,55
E14001266,"Harborough, Oadby and Wigston",East Midlands,42,4,0,46,41,4,0,45,42,4,0,46,42,4,0,46,42,4,0,46
E14001267,Harlow,East of England,54,11,1,66,53,11,1,65,53,11,1,65,53,11,1,65,53,11,1,65
E14001268,Harpenden and Berkhamsted,East of England,25,0,2,27,27,0,1,28,27,0,1,28,26,0,1,27,27,0,1,28
E14001269,Harrogate and Knaresborough,Yorkshire and The Humber,71,4,1,76,65,4,2,71,65,4,2,71,65,4,2,71,66,4,2,72
E14001270,Harrow East,London,38,6,5,49,33,6,4,43,33,6,4,43,34,6,4,44,35,6,4,45
E14001271,Harrow West,London,71,12,4,87,71,9,7,87,70,10,6,86,69,10,6,85,70,10,5,85
E14001272,Hartlepool,North East,78,18,14,110,76,15,10,101,75,15,11,101,75,15,10,100,75,15,12,102
E14001273,Harwich and North Essex,East of England,42,9,4,55,31,7,3,41,34,7,4,45,34,7,4,45,34,8,4,46
E14001274,Hastings and Rye,South East,68,24,8,100,64,20,8,92,65,20,8,93,65,21,8,94,65,21,8,94
E14001275,Havant,South East,45,13,3,61,42,13,3,58,42,14,3,59,43,14,3,60,46,13,3,62
E14001276,Hayes and Harlington,London,87,89,5,181,63,103,4,170,62,105,4,171,62,105,4,171,58,108,4,170
E14001277,Hazel Grove,North West,31,10,2,43,28,12,3,43,28,12,3,43,29,12,3,44,30,12,4,46
E14001278,Hemel Hempstead,East of England,70,8,3,81,66,5,6,77,66,5,6,77,65,6,6,77,65,6,6,77
E14001279,Hendon,London,73,12,1,86,71,6,3,80,71,6,3,80,71,6,3,80,71,6,3,80
E14001280,Henley and Thame,South East,28,7,4,39,29,7,3,39,29,7,3,39,29,7,3,39,28,7,4,39
E14001281,Hereford and South Herefordshire,West Midlands,70,10,0,80,67,8,0,75,68,8,0,76,63,8,0,71,62,8,0,70
E14001282,Herne Bay and Sandwich,South East,47,9,4,60,42,8,2,52,42,8,2,52,43,9,2,54,40,9,3,52
E14001283,Hertford and Stortford,East of England,48,9,1,58,41,9,1,51,43,9,1,53,44,9,1,54,43,9,1,53
E14001284,Hertsmere,East of England,50,18,1,69,43,18,0,61,43,18,0,61,43,18,1,62,43,18,1,62
E14001285,Hexham,North East,43,5,4,52,38,4,6,48,39,4,6,49,38,4,6,48,38,4,6,48
E14001286,Heywood and Middleton North,North West,38,19,6,63,35,17,4,56,35,17,4,56,35,18,4,57,35,18,5,58
E14001287,High Peak,East Midlands,32,4,3,39,33,3,3,39,32,4,3,39,32,4,3,39,32,4,3,39
E14001288,Hinckley and Bosworth,East Midlands,47,9,5,61,45,7,7,59,45,7,7,59,46,7,7,60,46,7,7,60
E14001289,Hitchin,East of England,42,10,2,54,36,8,3,47,36,8,3,47,36,8,2,46,36,8,2,46
E14001290,Holborn and St Pancras,London,194,19,6,219,166,21,7,194,167,22,7,196,170,21,7,198,174,21,7,202
E14001291,Honiton and Sidmouth,South West,33,3,2,38,30,2,2,34,30,2,2,34,30,2,2,34,30,2,2,34
E14001292,Hornchurch and Upminster,London,42,16,2,60,37,12,2,51,37,12,2,51,37,13,2,52,37,13,2,52
E14001293,Hornsey and Friern Barnet,London,30,15,3,48,27,11,4,42,27,11,4,42,27,11,4,42,27,12,5,44
E14001294,Horsham,South East,56,4,0,60,54,2,0,56,53,2,0,55,53,2,0,55,52,2,0,54
E14001295,Houghton and Sunderland South,North East,35,30,4,69,37,26,4,67,37,26,4,67,37,26,4,67,37,28,3,68
E14001296,Hove and Portslade,South East,45,12,0,57,43,10,0,53,43,10,0,53,43,10,0,53,43,10,1,54
E14001297,Huddersfield,Yorkshire and The Humber,96,25,9,130,93,23,7,123,93,23,7,123,94,23,8,125,94,23,8,125
E14001298,Huntingdon,East of England,51,8,1,60,50,8,1,59,51,8,1,60,51,8,1,60,51,8,1,60
E14001299,Hyndburn,North West,58,20,7,85,52,17,5,74,53,18,6,77,54,18,5,77,54,18,7,79
E14001300,Ilford North,London,46,9,4,59,35,8,4,47,35,8,4,47,35,8,4,47,36,8,4,48
E14001301,Ilford South,London,79,24,7,110,72,17,8,97,73,17,8,98,73,17,9,99,73,17,8,98
S14000093,Inverclyde and Renfrewshire West,Scotland,60,25,11,96,58,21,13,92,56,23,13,92,56,23,13,92,56,23,12,91
S14000094,"Inverness, Skye and West Ross-shire",Scotland,96,11,1,108,94,7,1,102,96,7,1,104,97,6,1,104,96,9,1,106
E14001302,Ipswich,East of England,89,9,0,98,82,9,0,91,81,9,0,90,81,9,0,90,82,9,0,91
E14001303,Isle of Wight East,South East,31,17,3,51,30,11,4,45,30,11,4,45,31,12,4,47,30,12,4,46
E14001304,Isle of Wight West,South East,47,11,1,59,44,10,1,55,44,10,1,55,44,10,1,55,44,11,1,56
E14001305,Islington North,London,52,21,7,80,51,18,6,75,51,18,6,75,53,18,7,78,50,17,7,74
E14001306,Islington South and Finsbury,London,82,23,5,110,70,19,5,94,69,18,4,91,69,18,4,91,70,20,5,95
E14001307,Jarrow and Gateshead East,North East,47,19,9,75,47,19,8,74,47,19,8,74,46,20,8,74,48,19,8,75
E14001308,Keighley and Ilkley,Yorkshire and The Humber,59,6,7,72,52,5,8,65,53,5,8,66,52,5,7,64,51,5,6,62
E14001309,Kenilworth and Southam,West Midlands,33,12,2,47,31,12,1,44,31,12,1,44,30,12,1,43,32,12,1,45
E14001310,Kensington and Bayswater,London,122,16,0,138,100,14,0,114,102,14,0,116,103,14,0,117,107,14,0,121
E14001311,Kettering,East Midlands,71,15,5,91,64,13,4,81,67,13,5,85,67,13,5,85,67,13,5,85
S14000110,Kilmarnock and Loudoun,Scotland,78,24,6,108,70,24,3,97,69,24,4,97,70,24,4,98,72,24,5,101
E14001312,Kingston and Surbiton,London,92,12,10,114,83,12,9,104,83,12,10,105,83,12,9,104,83,12,10,105
E14001313,Kingston upon Hull East,Yorkshire and The Humber,63,18,7,88,66,15,7,88,65,15,7,87,65,14,7,86,66,15,7,88
E14001314,Kingston upon Hull North and Cottingham,Yorkshire and The Humber,72,15,4,91,75,11,7,93,76,10,7,93,76,11,7,94,76,11,7,94
E14001315,Kingston upon Hull West and Haltemprice,Yorkshire and The Humber,122,12,8,142,120,10,5,135,121,10,6,137,120,10,6,136,118,10,9,137
E14001316,Kingswinford and South Staffordshire,West Midlands,31,1,1,33,28,1,1,30,29,1,1,31,29,1,1,31,30,1,1,32
E14001317,Knowsley,North West,51,11,1,63,47,9,3,59,47,9,4,60,47,9,3,59,48,9,1,58
N05000009,Lagan Valley,Northern Ireland,65,10,5,80,63,6,5,74,63,6,5,74,61,6,5,72,65,6,5,76
E14001318,Lancaster and Wyre,North West,62,14,1,77,58,13,1,72,57,14,1,72,57,14,1,72,57,14,1,72
E14001319,Leeds Central and Headingley,Yorkshire and The Humber,131,25,2,158,123,20,2,145,119,21,3,143,123,20,3,146,121,19,3,143
E14001320,Leeds East,Yorkshire and The Humber,65,19,7,91,61,21,7,89,60,21,7,88,58,21,7,86,59,21,8,88
E14001321,Leeds North East,Yorkshire and The Humber,34,7,1,42,32,6,2,40,32,6,2,40,32,6,2,40,33,6,2,41
E14001322,Leeds North West,Yorkshire and The Humber,35,14,1,50,30,14,1,45,30,14,1,45,31,13,1,45,31,13,1,45
E14001323,Leeds South,Yorkshire and The Humber,66,28,6,100,67,26,6,99,66,26,6,98,65,28,6,99,65,28,6,99
E14001324,Leeds South West and Morley,Yorkshire and The Humber,53,5,0,58,47,5,1,53,47,5,0,52,47,5,0,52,47,5,0,52
E14001325,Leeds West and Pudsey,Yorkshire and The Humber,48,13,5,66,45,12,2,59,46,13,2,61,46,13,2,61,46,13,3,62
E14001326,Leicester East,East Midlands,61,13,15,89,62,12,14,88,62,13,14,89,61,13,15,89,62,13,15,90
E14001327,Leicester South,East Midlands,120,26,8,154,113,23,8,144,114,22,9,145,118,22,10,150,118,22,8,148
E14001328,Leicester West,East Midlands,56,24,13,93,54,24,10,88,54,24,10,88,52,24,10,86,52,24,11,87
E14001329,Leigh and Atherton,North West,57,24,5,86,55,23,5,83,55,23,5,83,54,23,5,82,53,23,5,81
E14001330,Lewes,South East,36,7,2,45,36,9,1,46,35,9,1,45,36,10,1,47,36,10,2,48
E14001331,Lewisham East,London,50,16,5,71,46,15,5,66,46,14,5,65,47,15,5,67,47,16,4,67
E14001332,Lewisham North,London,69,24,2,95,70,15,1,86,71,16,1,88,72,19,1,92,70,19,1,90
E14001333,Lewisham West and East Dulwich,London,30,22,4,56,31,21,3,55,31,21,3,55,30,21,3,54,30,21,3,54
E14001334,Leyton and Wanstead,London,36,23,5,64,33,19,4,56,33,20,4,57,35,20,5,60,35,20,5,60
E14001335,Lichfield,West Midlands,41,7,2,50,44,4,2,50,44,4,2,50,44,4,2,50,44,4,2,50
E14001336,Lincoln,East Midlands,83,20,2,105,82,18,1,101,82,18,1,101,82,18,2,102,82,17,3,102
E14001337,Liverpool Garston,North West,63,21,0,84,48,27,1,76,47,27,1,75,48,28,1,77,49,28,0,77
E14001338,Liverpool Riverside,North West,138,71,7,216,150,65,5,220,149,68,4,221,150,71,4,225,152,70,5,227
E14001339,Liverpool Walton,North West,47,30,4,81,46,24,5,75,46,25,6,77,46,23,6,75,46,22,5,73
E14001340,Liverpool Wavertree,North West,36,30,5,71,36,28,2,66,36,28,2,66,35,29,3,67,33,31,3,67
E14001341,Liverpool West Derby,North West,60,30,3,93,55,31,3,89,55,31,3,89,54,31,3,88,54,31,3,88
S14000095,Livingston,Scotland,75,21,1,97,74,17,3,94,73,18,3,94,72,19,3,94,73,19,3,95
W07000098,Llanelli,Wales,45,21,3,69,39,17,3,59,38,17,3,58,38,17,3,58,40,17,3,60
S14000096,Lothian East,Scotland,47,12,2,61,45,10,2,57,44,10,3,57,44,10,3,57,45,10,2,57
E14001342,Loughborough,East Midlands,56,7,5,68,58,5,5,68,60,5,5,70,60,5,5,70,60,5,5,70
E14001343,Louth and Horncastle,East Midlands,56,11,1,68,56,8,1,65,57,9,1,67,54,9,2,65,52,10,2,64
E14001344,Lowestoft,East of England,57,27,2,86,54,24,1,79,55,24,2,81,56,25,1,82,56,24,1,81
E14001345,Luton North,East of England,38,19,7,64,39,16,5,60,39,15,5,59,39,16,5,60,39,16,6,61
E14001346,Luton South and South Bedfordshire,East of England,110,58,8,176,102,48,5,155,102,51,5,158,102,51,6,159,102,51,6,159
E14001347,Macclesfield,North West,41,7,1,49,39,7,1,47,39,7,1,47,39,7,1,47,38,7,1,46
E14001348,Maidenhead,South East,44,6,3,53,37,5,3,45,38,5,4,47,38,5,4,47,38,5,5,48
E14001349,Maidstone and Malling,South East,82,24,4,110,74,18,8,100,74,19,8,101,74,20,7,101,75,20,5,100
E14001350,Makerfield,North West,38,19,2,59,40,15,2,57,39,15,2,56,40,16,2,58,40,16,2,58
E14001351,Maldon,East of England,37,2,2,41,36,2,1,39,36,2,1,39,36,2,1,39,36,2,2,40
E14001352,Manchester Central,North West,158,50,4,212,151,40,2,193,151,41,2,194,151,42,2,195,152,42,2,196
E14001353,Manchester Rusholme,North West,41,24,2,67,40,22,4,66,40,22,4,66,40,22,4,66,40,22,3,65
E14001354,Manchester Withington,North West,51,9,1,61,47,6,1,54,47,6,1,54,47,6,2,55,46,6,2,54
E14001355,Mansfield,East Midlands,90,10,4,104,82,8,3,93,82,8,3,93,82,8,3,93,81,9,4,94
E14001356,Melksham and Devizes,South West,29,9,2,40,28,8,1,37,27,8,1,36,28,8,2,38,28,9,2,39
E14001357,Melton and Syston,East Midlands,39,3,5,47,36,1,5,42,36,1,5,42,36,1,5,42,37,1,5,43
E14001358,Meriden and Solihull East,West Midlands,74,23,0,97,77,20,0,97,75,21,0,96,76,21,0,97,75,21,1,97
W07000099,Merthyr Tydfil and Aberdare,Wales,73,29,10,112,64,24,9,97,64,25,8,97,65,24,8,97,65,25,8,98
W07000100,Mid and South Pembrokeshire,Wales,62,11,1,74,54,8,2,64,54,8,2,64,53,9,2,64,54,9,1,64
E14001359,Mid Bedfordshire,East of England,21,10,2,33,20,9,2,31,21,9,2,32,19,8,2,29,21,9,2,32
E14001360,Mid Buckinghamshire,South East,17,7,0,24,15,5,0,20,15,5,0,20,15,5,0,20,15,5,0,20
E14001361,Mid Cheshire,North West,53,5,2,60,52,5,1,58,52,5,2,59,51,5,2,58,51,5,1,57
E14001362,Mid Derbyshire,East Midlands,28,4,2,34,25,2,3,30,25,2,3,30,25,2,3,30,25,2,2,29
E14001363,Mid Dorset and North Poole,South West,36,6,0,42,32,5,0,37,32,5,0,37,32,5,0,37,32,5,0,37
S14000097,Mid Dunbartonshire,Scotland,47,9,3,59,48,8,3,59,48,8,3,59,48,8,4,60,47,9,3,59
E14001364,Mid Leicestershire,East Midlands,34,18,6,58,33,11,8,52,32,12,8,52,32,12,8,52,33,13,8,54
E14001365,Mid Norfolk,East of England,34,1,1,36,27,2,1,30,27,2,1,30,28,2,1,31,29,1,1,31
E14001366,Mid Sussex,South East,47,5,3,55,45,5,2,52,45,5,2,52,46,5,1,52,46,5,2,53
N05000010,Mid Ulster,Northern Ireland,85,13,2,100,81,7,2,90,81,7,2,90,79,10,2,91,80,11,2,93
E14001367,Middlesbrough and Thornaby East,North East,121,26,9,156,118,23,7,148,117,23,7,147,116,23,7,146,115,23,7,145
E14001368,Middlesbrough South and East Cleveland,North East,39,6,0,45,40,4,2,46,39,4,2,45,40,4,2,46,41,4,2,47
S14000045,Midlothian,Scotland,49,16,3,68,46,15,3,64,48,15,3,66,47,16,3,66,48,16,3,67
E14001369,Milton Keynes Central,South East,99,12,2,113,86,12,3,101,87,12,3,102,87,12,2,101,87,12,2,101
E14001370,Milton Keynes North,South East,34,15,2,51,34,12,2,48,34,12,2,48,35,14,2,51,35,14,2,51
E14001371,Mitcham and Morden,London,38,21,4,63,37,16,5,58,37,16,5,58,37,17,4,58,37,17,4,58
W07000101,Monmouthshire,Wales,47,10,3,60,41,8,3,52,40,8,3,51,40,8,3,51,41,8,3,52
W07000102,Montgomeryshire and Glyndwr,Wales,44,11,3,58,42,9,2,53,42,10,2,54,43,9,2,54,42,9,2,53
S14000098,"Moray West, Nairn and Strathspey",Scotland,74,7,2,83,72,8,2,82,71,8,2,81,72,8,2,82,72,8,2,82
E14001372,Morecambe and Lunesdale,North West,45,10,2,57,39,9,2,50,38,9,2,49,39,9,2,50,39,8,2,49
S14000099,"Motherwell, Wishaw and Carluke",Scotland,69,22,8,99,65,20,6,91,66,20,6,92,65,21,6,92,65,21,6,92
S14000027,Na h-Eileanan an Iar,Scotland,23,0,3,26,20,0,3,23,21,0,3,24,21,0,3,24,21,0,3,24
W07000103,Neath and Swansea East,Wales,63,15,3,81,62,15,4,81,62,15,4,81,62,14,4,80,62,14,3,79
E14001373,New Forest East,South East,33,2,2,37,32,2,2,36,32,2,2,36,33,2,2,37,33,2,2,37
E14001374,New Forest West,South East,44,7,0,51,37,8,0,45,37,9,0,46,36,9,0,45,36,9,0,45
E14001375,Newark,East Midlands,56,7,0,63,56,6,0,62,55,6,0,61,56,6,0,62,57,6,0,63
E14001376,Newbury,South East,59,16,2,77,56,16,1,73,56,16,1,73,56,16,2,74,57,16,2,75
E14001377,Newcastle upon Tyne Central and West,North East,123,53,11,187,113,52,8,173,113,53,9,175,105,53,10,168,117,53,9,179
E14001378,Newcastle upon Tyne East and Wallsend,North East,55,38,4,97,48,32,6,86,48,33,6,87,51,33,4,88,52,34,5,91
E14001379,Newcastle upon Tyne North,North East,45,12,0,57,39,8,1,48,40,8,1,49,40,8,2,50,38,8,1,47
E14001380,Newcastle-under-Lyme,West Midlands,59,19,6,84,56,18,5,79,53,18,5,76,53,18,5,76,56,18,5,79
W07000104,Newport East,Wales,90,30,9,129,82,31,7,120,83,30,7,120,83,30,7,120,83,29,7,119
W07000105,Newport West and Islwyn,Wales,47,20,5,72,41,19,5,65,41,19,5,65,42,20,5,67,41,20,6,67
N05000011,Newry and Armagh,Northern Ireland,95,21,5,121,90,12,5,107,90,12,5,107,91,20,5,116,88,20,6,114
E14001381,Newton Abbot,South West,44,10,0,54,40,6,0,46,41,6,0,47,42,7,0,49,42,6,0,48
E14001382,Newton Aycliffe and Spennymoor,North East,44,14,2,60,40,13,2,55,41,12,3,56,40,13,3,56,41,14,2,57
E14001383,Normanton and Hemsworth,Yorkshire and The Humber,44,13,7,64,44,14,5,63,44,14,5,63,44,14,5,63,43,14,4,61
N05000012,North Antrim,Northern Ireland,84,7,1,92,76,4,1,81,77,5,1,83,79,8,1,88,79,8,1,88
S14000048,North Ayrshire and Arran,Scotland,62,21,4,87,62,19,4,85,62,20,4,86,63,20,4,87,62,21,4,87
E14001384,North Bedfordshire,East of England,28,6,2,36,25,5,1,31,25,5,1,31,25,5,1,31,25,5,1,31
E14001385,North Cornwall,South West,45,14,0,59,43,16,0,59,44,16,0,60,45,16,0,61,45,16,1,62
E14001386,North Cotswolds,South West,26,3,2,31,25,2,1,28,24,2,1,27,23,1,2,26,24,1,2,27
E14001387,North Devon,South West,57,19,0,76,49,13,0,62,49,14,0,63,50,17,0,67,50,17,0,67
E14001388,North Dorset,South West,36,3,1,40,36,1,1,38,36,1,1,38,36,1,1,38,36,1,1,38
N05000013,North Down,Northern Ireland,65,3,1,69,61,3,1,65,61,3,1,65,63,3,1,67,63,3,1,67
E14001389,North Durham,North East,44,13,8,65,43,10,5,58,43,10,5,58,42,10,5,57,42,10,6,58
E14001390,North East Cambridgeshire,East of England,45,5,4,54,48,5,5,58,48,5,4,57,47,5,4,56,47,5,4,56
E14001391,North East Derbyshire,East Midlands,29,10,4,43,25,8,6,39,25,9,6,40,25,9,6,40,25,9,5,39
S14000100,North East Fife,Scotland,65,12,7,84,58,8,5,71,60,8,5,73,61,9,6,76,63,9,6,78
E14001392,North East Hampshire,South East,36,8,0,44,31,8,0,39,32,7,0,39,33,7,0,40,34,8,0,42
E14001393,North East Hertfordshire,East of England,27,9,0,36,27,6,0,33,28,6,0,34,27,6,0,33,27,6,0,33
E14001394,North East Somerset and Hanham,South West,26,4,0,30,26,3,0,29,26,3,0,29,26,3,0,29,26,3,0,29
E14001395,North Herefordshire,West Midlands,21,6,1,28,20,7,1,28,19,7,1,27,19,7,1,27,19,7,1,27
E14001396,North Norfolk,East of England,37,7,2,46,34,9,2,45,32,10,2,44,33,10,2,45,33,9,2,44
E14001397,North Northumberland,North East,66,11,3,80,63,9,3,75,64,9,3,76,63,9,3,75,64,9,3,76
E14001398,North Shropshire,West Midlands,54,10,1,65,53,9,2,64,53,9,2,64,53,9,2,64,53,9,2,64
E14001399,North Somerset,South West,25,8,1,34,23,6,1,30,23,6,1,30,23,6,1,30,23,6,1,30
E14001400,North Warwickshire and Bedworth,West Midlands,35,29,2,66,36,27,2,65,35,26,2,63,36,26,2,64,34,27,2,63
E14001401,North West Cambridgeshire,East of England,36,13,0,49,35,10,0,45,34,10,0,44,34,9,0,43,35,9,0,44
E14001402,North West Essex,East of England,61,12,2,75,57,8,2,67,57,8,2,67,57,8,2,67,57,9,2,68
E14001403,North West Hampshire,South East,54,8,4,66,45,7,4,56,45,7,4,56,45,7,4,56,45,7,4,56
E14001404,North West Leicestershire,East Midlands,53,10,3,66,51,10,3,64,53,10,3,66,52,10,2,64,53,10,2,65
E14001405,North West Norfolk,East of England,64,30,0,94,60,26,0,86,59,26,0,85,62,27,0,89,63,27,0,90
E14001406,Northampton North,East Midlands,104,30,7,141,102,28,9,139,102,30,9,141,104,29,9,142,103,29,9,141
E14001407,Northampton South,East Midlands,42,10,2,54,42,7,1,50,40,8,1,49,41,8,1,50,42,8,1,51
E14001408,Norwich North,East of England,41,10,5,56,39,9,6,54,39,9,6,54,39,9,7,55,40,9,5,54
E14001409,Norwich South,East of England,90,15,9,114,88,12,5,105,88,12,5,105,88,13,6,107,83,13,7,103
E14001410,Nottingham East,East Midlands,111,38,10,159,102,32,8,142,101,34,8,143,98,33,8,139,104,34,7,145
E14001411,Nottingham North and Kimberley,East Midlands,52,27,8,87,47,25,9,81,47,24,8,79,48,23,8,79,50,23,6,79
E14001412,Nottingham South,East Midlands,54,17,4,75,51,14,5,70,51,13,6,70,52,13,6,71,52,13,6,71
E14001413,Nuneaton,West Midlands,65,23,4,92,61,21,5,87,63,21,6,90,63,20,6,89,63,20,5,88
E14001414,Old Bexley and Sidcup,London,42,18,4,64,35,15,3,53,34,15,3,52,34,15,3,52,36,15,3,54
E14001415,Oldham East and Saddleworth,North West,36,21,5,62,34,18,4,56,33,20,4,57,32,20,5,57,32,20,6,58
E14001416,"Oldham West, Chadderton and Royton",North West,60,23,6,89,63,22,4,89,63,22,4,89,64,23,4,91,64,23,5,92
S14000051,Orkney and Shetland,Scotland,17,5,1,23,16,5,0,21,17,5,0,22,16,5,0,21,17,5,0,22
E14001417,Orpington,London,55,13,4,72,48,11,3,62,48,12,3,63,47,12,3,62,47,12,3,62
E14001418,Ossett and Denby Dale,Yorkshire and The Humber,33,13,1,47,29,10,1,40,29,11,1,41,29,11,1,41,29,12,1,42
E14001419,Oxford East,South East,44,16,0,60,37,14,1,52,37,14,1,52,38,14,1,53,39,15,0,54
E14001420,Oxford West and Abingdon,South East,85,10,1,96,75,10,2,87,75,10,2,87,71,10,2,83,77,10,2,89
S14000101,Paisley and Renfrewshire North,Scotland,65,18,11,94,54,24,10,88,54,25,11,90,54,25,11,90,56,25,11,92
S14000102,Paisley and Renfrewshire South,Scotland,77,35,6,118,70,32,5,107,70,32,5,107,71,32,6,109,71,32,5,108
E14001421,Peckham,London,76,23,1,100,66,21,2,89,68,21,1,90,67,21,1,89,66,21,1,88
E14001422,Pendle and Clitheroe,North West,55,16,5,76,49,15,2,66,49,16,2,67,50,16,4,70,52,15,4,71
E14001423,Penistone and Stocksbridge,Yorkshire and The Humber,28,2,2,32,28,2,2,32,28,2,2,32,28,2,2,32,27,2,1,30
E14001424,Penrith and Solway,North West,57,14,1,72,48,11,1,60,47,12,1,60,47,13,1,61,47,13,1,61
S14000103,Perth and Kinross-shire,Scotland,69,13,9,91,62,10,10,82,61,10,10,81,60,10,10,80,61,10,8,79
E14001425,Peterborough,East of England,105,27,2,134,101,25,1,127,101,25,1,127,103,25,1,129,103,26,1,130
E14001426,Plymouth Moor View,South West,26,14,4,44,24,14,4,42,24,14,3,41,24,14,3,41,24,14,3,41
E14001427,Plymouth Sutton and Devonport,South West,100,30,6,136,94,25,3,122,94,25,3,122,94,25,5,124,95,25,5,125
E14001428,"Pontefract, Castleford and Knottingley",Yorkshire and The Humber,68,25,5,98,66,23,3,92,66,22,3,91,66,23,3,92,66,23,5,94
W07000106,Pontypridd,Wales,49,26,10,85,48,19,10,77,49,19,10,78,48,18,10,76,48,19,10,77
E14001429,Poole,South West,63,14,0,77,56,15,0,71,58,15,0,73,58,15,0,73,60,15,0,75
E14001430,Poplar and Limehouse,London,81,26,4,111,71,19,1,91,72,19,1,92,77,19,1,97,77,19,1,97
E14001431,Portsmouth North,South East,44,14,1,59,36,12,1,49,36,12,1,49,36,12,1,49,37,12,1,50
E14001432,Portsmouth South,South East,92,30,3,125,94,28,3,125,93,28,3,124,93,28,3,124,92,28,3,123
E14001433,Preston,North West,102,37,5,144,92,34,6,132,93,34,6,133,91,34,5,130,92,34,5,131
E14001434,Putney,London,48,14,1,63,43,11,1,55,43,11,1,55,43,11,1,55,43,12,1,56
E14001435,Queen's Park and Maida Vale,London,57,23,7,87,55,17,7,79,54,19,7,80,56,19,8,83,57,19,7,83
E14001436,Rawmarsh and Conisbrough,Yorkshire and The Humber,50,11,10,71,50,9,7,66,49,9,7,65,50,8,8,66,50,10,7,67
E14001437,Rayleigh and Wickford,East of England,49,9,2,60,47,6,1,54,47,6,1,54,47,6,1,54,47,7,1,55
E14001438,Reading Central,South East,104,21,11,136,98,17,7,122,96,16,8,120,97,16,8,121,97,17,8,122
E14001439,Reading West and Mid Berkshire,South East,23,11,0,34,22,9,0,31,22,8,0,30,22,8,0,30,20,8,0,28
E14001440,Redcar,North East,62,10,3,75,58,9,3,70,57,9,3,69,58,8,3,69,58,8,3,69
E14001441,Redditch,West Midlands,47,13,2,62,47,11,1,59,46,11,1,58,47,12,1,60,46,12,1,59
E14001442,Reigate,South East,52,11,2,65,44,11,2,57,42,10,2,54,43,10,2,55,44,10,2,56
W07000107,Rhondda and Ogmore,Wales,49,29,7,85,43,26,7,76,43,27,7,77,44,27,8,79,44,27,8,79
E14001443,Ribble Valley,North West,33,13,1,47,32,10,1,43,33,11,1,45,33,10,1,44,33,11,1,45
E14001444,Richmond and Northallerton,Yorkshire and The Humber,42,9,2,53,40,11,2,53,39,11,2,52,40,10,2,52,41,10,2,53
E14001445,Richmond Park,London,54,8,3,65,49,9,1,59,50,9,2,61,51,9,2,62,51,8,3,62
E14001446,Rochdale,North West,64,31,5,100,62,25,3,90,62,26,3,91,59,25,3,87,61,26,3,90
E14001447,Rochester and Strood,South East,79,24,3,106,65,23,5,93,65,23,3,91,64,23,3,90,64,24,3,91
E14001448,Romford,London,76,26,5,107,72,24,3,99,72,24,3,99,72,23,3,98,73,23,3,99
E14001449,Romsey and Southampton North,South East,33,9,0,42,31,9,0,40,31,9,0,40,32,9,0,41,31,9,0,40
E14001450,Rossendale and Darwen,North West,34,18,4,56,33,14,2,49,33,14,2,49,33,14,2,49,33,14,2,49
E14001451,Rother Valley,Yorkshire and The Humber,39,13,5,57,38,11,5,54,38,11,5,54,38,12,5,55,39,12,5,56
E14001452,Rotherham,Yorkshire and The Humber,67,16,4,87,62,16,2,80,62,16,2,80,63,16,2,81,63,16,2,81
E14001453,Rugby,West Midlands,60,18,0,78,58,14,1,73,59,14,1,74,59,14,1,74,57,14,1,72
E14001454,"Ruislip, Northwood and Pinner",London,44,5,5,54,37,4,6,47,37,4,5,46,38,4,5,47,38,5,5,48
E14001455,Runcorn and Helsby,North West,36,17,0,53,36,16,0,52,36,16,0,52,35,16,0,51,35,16,0,51
E14001456,Runnymede and Weybridge,South East,48,6,1,55,48,6,1,55,48,6,1,55,48,7,1,56,48,7,1,56
E14001457,Rushcliffe,East Midlands,44,6,0,50,43,5,0,48,43,5,0,48,43,5,0,48,43,5,0,48
S14000104,Rutherglen,Scotland,61,14,6,81,53,15,7,75,53,15,7,75,56,15,7,78,56,15,7,78
E14001458,Rutland and Stamford,East Midlands,37,4,1,42,33,2,0,35,33,3,0,36,34,3,0,37,34,3,0,37
E14001459,Salford,North West,53,33,7,93,51,32,8,91,49,32,9,90,49,32,8,89,49,32,8,89
E14001460,Salisbury,South West,59,4,1,64,58,3,1,62,58,3,1,62,59,4,2,65,59,4,2,65
E14001461,Scarborough and Whitby,Yorkshire and The Humber,91,13,3,107,91,12,2,105,90,14,2,106,92,15,2,109,91,14,2,107
E14001462,Scunthorpe,Yorkshire and The Humber,73,32,3,108,74,28,6,108,74,28,6,108,73,26,5,104,72,27,5,104
E14001463,Sefton Central,North West,42,11,3,56,37,9,6,52,39,9,6,54,39,9,6,54,40,9,7,56
E14001464,Selby,Yorkshire and The Humber,31,5,3,39,29,3,2,34,28,4,2,34,28,4,2,34,28,4,2,34
E14001465,Sevenoaks,South East,42,5,0,47,41,4,0,45,40,4,1,45,41,5,1,47,42,5,1,48
E14001466,Sheffield Brightside and Hillsborough,Yorkshire and The Humber,61,27,7,95,59,20,7,86,58,20,8,86,58,21,9,88,59,21,9,89
E14001467,Sheffield Central,Yorkshire and The Humber,134,14,5,153,114,12,4,130,114,12,4,130,115,12,5,132,115,12,4,131
E14001468,Sheffield Hallam,Yorkshire and The Humber,16,7,2,25,16,6,2,24,16,6,2,24,16,6,2,24,16,6,2,24
E14001469,Sheffield Heeley,Yorkshire and The Humber,48,20,4,72,44,15,4,63,44,15,4,63,44,15,4,63,43,15,4,62
E14001470,Sheffield South East,Yorkshire and The Humber,86,18,6,110,77,16,7,100,78,16,7,101,79,16,7,102,74,16,7,97
E14001471,Sherwood Forest,East Midlands,41,7,4,52,43,5,4,52,42,5,4,51,42,5,4,51,41,5,3,49
E14001472,Shipley,Yorkshire and The Humber,42,7,4,53,44,4,5,53,44,4,5,53,43,4,5,52,44,4,4,52
E14001473,Shrewsbury,West Midlands,66,8,3,77,63,5,3,71,64,5,3,72,63,5,1,69,64,5,2,71
E14001474,Sittingbourne and Sheppey,South East,54,29,3,86,55,27,2,84,55,27,2,84,55,27,2,84,58,27,2,87
E14001475,Skipton and Ripon,North West,40,7,1,48,37,5,1,43,37,5,1,43,36,5,1,42,37,5,1,43
E14001476,Sleaford and North Hykeham,East Midlands,34,4,1,39,31,4,0,35,31,4,0,35,31,4,0,35,31,4,0,35
E14001477,Slough,South East,70,28,8,106,64,25,7,96,63,25,7,95,64,25,7,96,68,25,7,100
E14001478,Smethwick,West Midlands,56,31,6,93,52,24,6,82,52,24,6,82,53,23,6,82,54,23,6,83
E14001479,Solihull West and Shirley,West Midlands,75,6,1,82,74,4,1,79,74,5,1,80,73,4,1,78,73,5,1,79
N05000014,South Antrim,Northern Ireland,66,14,0,80,62,13,1,76,63,13,1,77,61,12,1,74,60,12,0,72
E14001480,South Basildon and East Thurrock,East of England,36,13,0,49,32,12,0,44,33,12,0,45,32,12,0,44,33,12,0,45
E14001481,South Cambridgeshire,East of England,19,6,1,26,17,3,1,21,17,3,1,21,18,3,1,22,18,4,1,23
E14001482,South Cotswolds,South West,37,9,1,47,35,7,1,43,35,7,1,43,36,7,1,44,35,8,1,44
E14001483,South Derbyshire,East Midlands,31,12,1,44,30,11,1,42,31,10,1,42,31,10,1,42,31,11,1,43
E14001484,South Devon,South West,41,10,3,54,42,7,1,50,44,6,1,51,42,7,1,50,44,7,3,54
E14001485,South Dorset,South West,72,18,1,91,68,13,1,82,69,15,1,85,70,16,1,87,70,15,1,86
N05000015,South Down,Northern Ireland,67,9,3,79,69,7,5,81,68,6,5,79,70,8,5,83,69,8,4,81
E14001486,South East Cornwall,South West,30,18,0,48,23,20,3,46,26,17,2,45,26,17,2,45,26,17,3,46
E14001487,South Holland and The Deepings,East Midlands,46,7,2,55,40,6,1,47,40,6,1,47,40,6,0,46,40,6,0,46
E14001488,South Leicestershire,East Midlands,43,3,7,53,41,3,5,49,41,3,6,50,42,3,6,51,40,3,5,48
E14001489,South Norfolk,East of England,23,3,1,27,22,3,1,26,22,3,1,26,22,3,1,26,22,3,1,26
E14001490,South Northamptonshire,East Midlands,31,9,0,40,29,6,0,35,29,6,0,35,28,6,0,34,28,7,0,35
E14001491,South Ribble,North West,39,14,0,53,38,12,0,50,38,12,0,50,39,12,0,51,39,12,0,51
E14001492,South Shields,North East,62,26,4,92,52,25,2,79,52,24,2,78,52,25,1,78,52,22,2,76
E14001493,South Shropshire,West Midlands,38,4,3,45,41,3,1,45,41,3,2,46,41,3,1,45,42,3,1,46
E14001494,South Suffolk,East of England,35,9,0,44,32,6,0,38,32,6,0,38,32,6,0,38,33,5,0,38
E14001495,South West Devon,South West,31,2,1,34,28,2,1,31,28,2,1,31,29,2,1,32,30,2,1,33
E14001496,South West Hertfordshire,East of England,33,12,0,45,29,10,0,39,29,10,0,39,29,10,0,39,30,10,0,40
E14001497,South West Norfolk,East of England,35,9,5,49,31,9,5,45,31,9,5,45,29,9,5,43,32,9,5,46
E14001498,South West Wiltshire,South West,46,11,1,58,44,9,1,54,46,9,1,56,47,8,1,56,45,9,1,55
E14001499,Southampton Itchen,South East,106,11,6,123,105,10,5,120,105,10,5,120,105,10,5,120,105,10,5,120
E14001500,Southampton Test,South East,48,18,8,74,47,15,6,68,47,15,6,68,46,15,6,67,46,14,6,66
E14001501,Southend East and Rochford,East of England,84,35,8,127,82,35,8,125,82,34,8,124,82,35,8,125,82,35,7,124
E14001502,Southend West and Leigh,East of England,38,25,3,66,35,22,2,59,35,22,2,59,36,23,2,61,37,22,2,61
E14001503,Southgate and Wood Green,London,80,27,3,110,75,23,2,100,76,22,2,100,79,23,2,104,76,24,2,102
E14001504,Southport,North West,59,15,2,76,63,11,2,76,63,11,2,76,62,12,2,76,62,12,2,76
E14001505,Spelthorne,South East,52,24,7,83,45,22,7,74,45,22,7,74,44,22,7,73,43,21,6,70
E14001506,Spen Valley,Yorkshire and The Humber,35,16,2,53,34,13,3,50,34,13,3,50,33,13,3,49,33,13,2,48
E14001507,St Albans,East of England,58,9,1,68,54,9,1,64,56,9,1,66,57,9,1,67,57,9,1,67
E14001508,St Austell and Newquay,South West,53,18,0,71,54,14,0,68,54,14,0,68,54,15,0,69,54,15,0,69
E14001509,St Helens North,North West,34,21,3,58,34,21,2,57,34,21,2,57,34,19,2,55,34,19,3,56
E14001510,St Helens South and Whiston,North West,75,30,3,108,67,27,4,98,68,26,4,98,68,27,3,98,69,28,2,99
E14001511,St Ives,South West,45,11,4,60,43,7,3,53,42,7,3,52,43,7,3,53,43,7,3,53
E14001512,St Neots and Mid Cambridgeshire,East of England,29,8,0,37,29,8,0,37,29,8,0,37,31,8,0,39,29,8,0,37
E14001513,Stafford,West Midlands,55,15,4,74,51,12,3,66,51,12,3,66,52,12,3,67,52,13,4,69
E14001514,Staffordshire Moorlands,West Midlands,29,25,5,59,29,21,6,56,28,21,5,54,28,21,5,54,28,20,4,52
E14001515,Stalybridge and Hyde,North West,42,11,4,57,38,10,2,50,38,10,3,51,37,10,3,50,38,10,3,51
E14001516,Stevenage,East of England,61,17,3,81,61,17,3,81,61,17,3,81,61,17,3,81,61,18,3,82
S14000105,Stirling and Strathallan,Scotland,75,21,2,98,79,17,4,100,80,17,4,101,79,18,4,101,76,18,3,97
E14001517,Stockport,North West,89,21,2,112,89,20,2,111,89,20,2,111,91,20,2,113,92,20,2,114
E14001518,Stockton North,North East,74,20,4,98,79,17,3,99,80,17,3,100,78,17,3,98,78,16,3,97
E14001519,Stockton West,North East,35,2,2,39,36,1,2,39,36,2,2,40,36,2,2,40,36,2,2,40
E14001520,Stoke-on-Trent Central,West Midlands,100,23,10,133,92,19,11,122,93,19,11,123,92,20,9,121,93,20,10,123
E14001521,Stoke-on-Trent North,West Midlands,36,17,10,63,35,17,10,62,35,17,11,63,36,17,11,64,36,17,11,64
E14001522,Stoke-on-Trent South,West Midlands,38,11,5,54,36,10,6,52,36,10,8,54,36,10,6,52,36,10,6,52
E14001523,"Stone, Great Wyrley and Penkridge",West Midlands,28,13,0,41,26,11,1,38,27,11,1,39,27,11,1,39,28,11,1,40
E14001524,Stourbridge,West Midlands,83,17,3,103,75,14,1,90,76,13,1,90,75,14,1,90,75,14,1,90
N05000016,Strangford,Northern Ireland,56,5,5,66,52,3,3,58,52,4,4,60,51,4,4,59,51,4,4,59
E14001525,Stratford and Bow,London,83,34,6,123,74,28,4,106,75,28,4,107,77,28,4,109,78,29,4,111
E14001526,Stratford-on-Avon,West Midlands,50,4,0,54,48,3,0,51,48,3,0,51,47,3,0,50,49,2,0,51
E14001527,Streatham and Croydon North,London,52,17,13,82,38,12,7,57,38,14,8,60,40,14,7,61,39,15,9,63
E14001528,Stretford and Urmston,North West,66,18,1,85,60,15,1,76,60,16,1,77,60,16,1,77,59,16,1,76
E14001529,Stroud,South West,34,8,4,46,32,7,3,42,32,7,3,42,32,7,3,42,31,7,3,41
E14001530,Suffolk Coastal,East of England,44,11,4,59,44,9,3,56,45,11,4,60,46,11,4,61,45,11,4,60
E14001531,Sunderland Central,North East,100,24,13,137,98,21,11,130,98,21,12,131,99,21,12,132,99,21,11,131
E14001532,Surrey Heath,South East,53,5,2,60,51,2,2,55,51,3,2,56,50,3,2,55,51,3,2,56
E14001533,Sussex Weald,South East,32,4,0,36,30,4,0,34,30,4,0,34,30,4,0,34,30,4,0,34
E14001534,Sutton and Cheam,London,59,11,5,75,59,9,3,71,59,9,3,71,60,10,3,73,60,10,3,73
E14001535,Sutton Coldfield,West Midlands,58,7,0,65,61,3,1,65,60,3,2,65,60,4,2,66,60,4,2,66
W07000108,Swansea West,Wales,93,24,13,130,88,23,14,125,88,23,13,124,84,23,15,122,83,23,13,119
E14001536,Swindon North,South West,32,14,3,49,30,12,4,46,30,12,4,46,30,12,5,47,30,12,4,46
E14001537,Swindon South,South West,95,15,3,113,79,10,1,90,79,10,1,90,80,11,3,94,80,13,3,96
E14001538,Tamworth,West Midlands,52,16,1,69,55,13,3,71,54,13,3,70,55,12,3,70,56,14,3,73
E14001539,Tatton,North West,43,14,1,58,41,12,1,54,41,12,1,54,41,12,1,54,41,12,2,55
E14001540,Taunton and Wellington,South West,75,11,0,86,67,10,0,77,68,10,0,78,68,10,0,78,66,10,0,76
E14001541,Telford,West Midlands,56,15,7,78,55,13,5,73,55,13,5,73,55,13,5,73,55,13,5,73
E14001542,Tewkesbury,South West,32,3,0,35,31,6,0,37,32,9,0,41,31,5,0,36,31,3,0,34
E14001543,The Wrekin,West Midlands,51,9,8,68,45,4,5,54,46,4,4,54,46,5,4,55,47,5,5,57
E14001544,Thirsk and Malton,Yorkshire and The Humber,44,10,0,54,45,8,0,53,45,6,0,51,46,9,0,55,45,9,0,54
E14001545,Thornbury and Yate,South West,34,8,0,42,32,7,0,39,33,7,0,40,33,7,0,40,33,7,0,40
E14001546,Thurrock,East of England,65,24,1,90,60,22,0,82,60,22,0,82,60,23,0,83,60,24,0,84
E14001547,Tipton and Wednesbury,West Midlands,54,28,10,92,49,25,11,85,52,25,11,88,50,25,11,86,51,25,11,87
E14001548,Tiverton and Minehead,South West,46,13,0,59,41,12,0,53,45,11,0,56,45,11,0,56,45,11,0,56
E14001549,Tonbridge,South East,35,5,0,40,33,4,0,37,33,4,0,37,34,4,0,38,34,4,0,38
E14001550,Tooting,London,64,18,2,84,62,15,1,78,62,15,1,78,63,15,1,79,61,15,2,78
E14001551,Torbay,South West,74,34,0,108,66,33,3,102,67,34,2,103,70,35,2,107,71,35,2,108
W07000109,Torfaen,Wales,55,16,5,76,53,10,6,69,53,10,6,69,54,11,5,70,55,13,4,72
E14001552,Torridge and Tavistock,South West,31,9,0,40,32,8,0,40,31,8,0,39,31,8,0,39,31,8,0,39
E14001553,Tottenham,London,60,33,3,96,61,27,4,92,61,27,4,92,64,28,4,96,60,28,4,92
E14001554,Truro and Falmouth,South West,54,6,1,61,54,5,1,60,54,5,1,60,54,6,1,61,54,6,2,62
E14001555,Tunbridge Wells,South East,58,9,2,69,56,5,2,63,57,5,2,64,57,5,2,64,57,5,2,64
E14001556,Twickenham,London,28,15,4,47,25,14,3,42,25,14,3,42,25,15,3,43,26,15,4,45
E14001557,Tynemouth,North East,58,15,5,78,52,16,4,72,51,16,4,71,50,16,4,70,50,14,4,68
N06000017,Upper Bann,Northern Ireland,103,13,10,126,91,11,10,112,90,11,10,111,91,12,10,113,91,12,10,113
E14001558,Uxbridge and South Ruislip,London,68,19,3,90,71,15,3,89,71,16,3,90,71,17,3,91,71,17,3,91
W07000110,Vale of Glamorgan,Wales,49,20,3,72,43,18,3,64,43,17,3,63,44,19,3,66,44,19,3,66
E14001559,Vauxhall and Camberwell Green,London,52,26,1,79,51,21,3,75,50,22,2,74,50,22,2,74,49,22,1,72
E14001560,Wakefield and Rothwell,Yorkshire and The Humber,93,10,6,109,90,8,6,104,90,9,6,105,91,9,6,106,91,9,6,106
E14001561,Wallasey,North West,60,19,9,88,54,18,11,83,54,18,11,83,55,17,11,83,55,17,10,82
E14001562,Walsall and Bloxwich,West Midlands,101,25,4,130,92,22,4,118,92,23,4,119,93,23,4,120,93,23,4,120
E14001563,Walthamstow,London,68,12,6,86,64,10,6,80,64,10,7,81,65,10,7,82,60,10,7,77
E14001564,Warrington North,North West,39,11,1,51,37,10,2,49,37,11,2,50,36,10,2,48,36,10,1,47
E14001565,Warrington South,North West,75,15,2,92,70,12,1,83,70,12,2,84,69,14,2,85,68,14,2,84
E14001566,Warwick and Leamington,West Midlands,71,24,5,100,66,21,4,91,66,21,4,91,62,22,4,88,66,22,5,93
E14001567,Washington and Gateshead South,North East,62,32,1,95,56,30,3,89,56,30,3,89,55,30,2,87,56,30,2,88
E14001568,Watford,East of England,70,25,3,98,69,21,2,92,68,21,2,91,68,21,3,92,68,21,3,92
E14001569,Waveney Valley,East of England,28,4,1,33,24,5,1,30,24,5,1,30,24,5,1,30,24,4,1,29
E14001570,Weald of Kent,South East,15,3,0,18,15,3,1,19,16,3,1,20,16,3,1,20,16,3,1,20
E14001571,Wellingborough and Rushden,East Midlands,76,21,7,104,70,16,5,91,69,18,5,92,68,18,5,91,68,18,7,93
E14001572,Wells and Mendip Hills,South West,27,7,0,34,26,8,0,34,26,8,0,34,26,8,0,34,26,7,0,33
E14001573,Welwyn Hatfield,East of England,52,14,3,69,51,12,3,66,51,12,3,66,50,11,3,64,52,12,3,67
S14000111,West Aberdeenshire and Kincardine,Scotland,35,4,4,43,35,3,3,41,35,3,3,41,35,3,3,41,35,3,2,40
E14001574,West Bromwich,West Midlands,72,25,4,101,73,21,6,100,75,21,4,100,76,21,4,101,77,22,5,104
E14001575,West Dorset,South West,39,10,1,50,37,9,0,46,37,9,0,46,38,9,0,47,38,9,1,48
S14000106,West Dunbartonshire,Scotland,86,30,5,121,81,29,3,113,81,29,3,113,82,29,3,114,83,29,3,115
E14001576,West Ham and Beckton,London,47,33,6,86,44,28,5,77,44,28,4,76,44,29,4,77,44,29,5,78
E14001577,West Lancashire,North West,43,14,0,57,38,13,0,51,38,14,0,52,40,14,0,54,40,14,0,54
E14001578,West Suffolk,East of England,31,14,1,46,28,12,1,41,29,12,1,42,30,12,1,43,29,12,1,42
N05000018,West Tyrone,Northern Ireland,84,13,5,102,79,10,5,94,80,10,5,95,82,11,5,98,83,11,5,99
E14001579,West Worcestershire,West Midlands,38,14,0,52,36,10,0,46,36,10,0,46,34,10,0,44,35,10,0,45
E14001580,Westmorland and Lonsdale,North West,59,10,0,69,62,8,1,71,61,7,1,69,62,7,1,70,63,7,1,71
E14001581,Weston-super-Mare,South West,59,16,0,75,51,11,0,62,52,12,0,64,53,13,0,66,54,14,0,68
E14001582,Wetherby and Easingwold,Yorkshire and The Humber,24,7,0,31,22,8,0,30,23,8,0,31,23,8,0,31,22,8,0,30
E14001583,Whitehaven and Workington,North West,59,12,1,72,54,11,1,66,54,11,1,66,54,11,1,66,55,11,1,67
E14001584,Widnes and Halewood,North West,52,20,3,75,46,20,2,68,46,21,2,69,46,21,2,69,47,20,2,69
E14001585,Wigan,North West,75,27,3,105,69,22,3,94,69,22,3,94,68,22,3,93,70,20,3,93
E14001586,Wimbledon,London,62,7,1,70,60,7,0,67,61,7,0,68,60,7,0,67,61,7,1,69
E14001587,Winchester,South East,45,8,0,53,44,9,0,53,44,9,0,53,44,9,0,53,44,9,0,53
E14001588,Windsor,South East,42,14,6,62,37,12,5,54,41,11,5,57,36,12,5,53,41,12,5,58
E14001589,Wirral West,North West,44,4,5,53,38,3,3,44,40,3,3,46,40,3,3,46,40,3,4,47
E14001590,Witham,East of England,35,9,3,47,30,8,3,41,30,8,3,41,35,8,3,46,34,9,3,46
E14001591,Witney,South East,41,3,1,45,39,1,1,41,40,3,1,44,40,3,1,44,39,2,1,42
E14001592,Woking,South East,54,6,1,61,48,5,1,54,48,5,1,54,48,5,1,54,48,5,1,54
E14001593,Wokingham,South East,24,7,1,32,23,4,1,28,23,3,1,27,23,3,1,27,23,3,1,27
E14001594,Wolverhampton North East,West Midlands,55,26,3,84,50,18,4,72,50,20,3,73,50,20,3,73,51,22,4,77
E14001595,Wolverhampton South East,West Midlands,71,34,11,116,69,30,14,113,69,30,14,113,69,30,13,112,69,30,11,110
E14001596,Wolverhampton West,West Midlands,93,25,5,123,93,18,6,117,93,17,6,116,94,18,6,118,96,19,6,121
E14001597,Worcester,West Midlands,72,17,3,92,65,20,3,88,65,20,3,88,66,20,3,89,66,20,2,88
E14001598,Worsley and Eccles,North West,44,24,7,75,45,22,5,72,45,22,5,72,45,22,6,73,45,21,8,74
E14001599,Worthing West,South East,57,8,6,71,57,7,8,72,57,7,7,71,58,8,6,72,57,8,7,72
W07000111,Wrexham,Wales,73,14,5,92,73,12,4,89,73,12,4,89,74,12,5,91,74,12,5,91
E14001600,Wycombe,South East,67,14,3,84,59,13,3,75,58,13,4,75,59,12,4,75,61,13,3,77
E14001601,Wyre Forest,West Midlands,59,13,2,74,57,10,4,71,57,10,4,71,56,10,4,70,57,11,2,70
E14001602,Wythenshawe and Sale East,North West,65,55,5,125,62,52,4,118,60,52,4,116,62,52,4,118,62,53,5,120
E14001603,Yeovil,South West,63,4,0,67,58,4,0,62,57,4,0,61,58,4,0,62,60,4,0,64
W07000112,Ynys Mn,Wales,37,16,1,54,33,16,1,50,33,16,1,50,33,16,1,50,34,15,1,50
E14001604,York Central,Yorkshire and The Humber,96,18,2,116,94,12,3,109,87,12,3,102,87,11,3,101,95,13,2,110
E14001605,York Outer,Yorkshire and The Humber,33,2,0,35,32,2,0,34,32,3,0,35,32,3,0,35,32,3,0,35
