Constituency Code,Country/Region,Constituency,Installed capacity (MW),Number of installations
E92000001,England,,0,0
E12000001,North East,,0,0
E14001101,North East,Bishop Auckland,12.424,3103
E14001106,North East,Blaydon and Consett,6.863,1980
E14001107,North East,Blyth and Ashington,10.401,3354
E14001173,North East,City of Durham,11.409,3223
E14001183,North East,Cramlington and Killingworth,10.371,3366
E14001190,North East,Darlington,8.393,2314
E14001211,North East,Easington,7.765,2260
E14001244,North East,Gateshead Central and Whickham,3.652,1083
E14001272,North East,Hartlepool,8.671,2711
E14001285,North East,Hexham,16.035,3847
E14001295,North East,Houghton and Sunderland South,12.435,4741
E14001307,North East,Jarrow and Gateshead East,5.794,1700
E14001367,North East,Middlesbrough and Thornaby East,4.977,1463
E14001368,North East,Middlesbrough South and East Cleveland,9.21,2736
E14001377,North East,Newcastle upon Tyne Central and West,5.582,1774
E14001378,North East,Newcastle upon Tyne East and Wallsend,6.252,2114
E14001379,North East,Newcastle upon Tyne North,6.881,1923
E14001382,North East,Newton Aycliffe and Spennymoor,10.314,2824
E14001389,North East,North Durham,9.498,2655
E14001397,North East,North Northumberland,17.677,4572
E14001440,North East,Redcar,7.111,2102
E14001492,North East,South Shields,6.688,2296
E14001518,North East,Stockton North,8.476,2394
E14001519,North East,Stockton West,10.86,2790
E14001531,North East,Sunderland Central,6.055,2126
E14001557,North East,Tynemouth,6.684,2058
E14001567,North East,Washington and Gateshead South,11.107,4214
E12000002,North West,,0,0
E14001065,North West,Altrincham and Sale West,4.516,1107
E14001070,North West,Ashton-under-Lyne,6.259,2125
E14001076,North West,Barrow and Furness,9.422,2345
E14001091,North West,Birkenhead,5.003,1336
E14001102,North West,Blackburn,8.182,2228
E14001103,North West,Blackley and Middleton South,8.818,2830
E14001104,North West,Blackpool North and Fleetwood,4.996,1308
E14001105,North West,Blackpool South,4.035,1150
E14001110,North West,Bolton North East,4.53,1213
E14001111,North West,Bolton South and Walkden,7.296,2333
E14001112,North West,Bolton West,6.145,1412
E14001113,North West,Bootle,3.161,889
E14001142,North West,Burnley,6.27,1687
E14001144,North West,Bury North,5.765,1455
E14001145,North West,Bury South,4.288,1061
E14001152,North West,Carlisle,9.729,2480
E14001158,North West,Cheadle,5.894,1569
E14001163,North West,Chester North and Neston,9.338,2349
E14001164,North West,Chester South and Eddisbury,17.065,3637
E14001170,North West,Chorley,8.681,2809
E14001178,North West,Congleton,10.896,2469
E14001185,North West,Crewe and Nantwich,8.673,2263
E14001222,North West,Ellesmere Port and Bromborough,5.903,1657
E14001242,North West,Fylde,7.472,1789
E14001251,North West,Gorton and Denton,5.967,2118
E14001277,North West,Hazel Grove,6.956,2051
E14001286,North West,Heywood and Middleton North,6.242,1809
E14001299,North West,Hyndburn,5.148,1327
E14001317,North West,Knowsley,8.781,2987
E14001318,North West,Lancaster and Wyre,11.041,2331
E14001329,North West,Leigh and Atherton,7.019,2248
E14001337,North West,Liverpool Garston,7.712,2402
E14001338,North West,Liverpool Riverside,4.042,1306
E14001339,North West,Liverpool Walton,5.489,1848
E14001340,North West,Liverpool Wavertree,3.484,992
E14001341,North West,Liverpool West Derby,4.755,1535
E14001347,North West,Macclesfield,9.458,2216
E14001350,North West,Makerfield,6.13,1734
E14001352,North West,Manchester Central,4.356,1294
E14001353,North West,Manchester Rusholme,2.915,1077
E14001354,North West,Manchester Withington,6.136,2123
E14001361,North West,Mid Cheshire,9.468,2711
E14001372,North West,Morecambe and Lunesdale,12.058,2738
E14001415,North West,Oldham East and Saddleworth,5.566,1491
E14001416,North West,"Oldham West, Chadderton and Royton",5.121,1528
E14001422,North West,Pendle and Clitheroe,10.399,2443
E14001424,North West,Penrith and Solway,17.501,4025
E14001433,North West,Preston,5.372,1598
E14001443,North West,Ribble Valley,12.258,3177
E14001446,North West,Rochdale,4.8,1336
E14001450,North West,Rossendale and Darwen,9.263,2324
E14001455,North West,Runcorn and Helsby,9.13,2304
E14001459,North West,Salford,3.774,1296
E14001463,North West,Sefton Central,6.497,1627
E14001491,North West,South Ribble,9.075,2169
E14001504,North West,Southport,6.241,1407
E14001509,North West,St Helens North,6.353,1889
E14001510,North West,St Helens South and Whiston,5.766,1784
E14001515,North West,Stalybridge and Hyde,6.822,2121
E14001517,North West,Stockport,6.427,2254
E14001528,North West,Stretford and Urmston,4.375,1179
E14001539,North West,Tatton,10.622,2407
E14001561,North West,Wallasey,5.372,1502
E14001564,North West,Warrington North,8.839,2952
E14001565,North West,Warrington South,7.447,2059
E14001577,North West,West Lancashire,8.609,2187
E14001580,North West,Westmorland and Lonsdale,20.006,4681
E14001583,North West,Whitehaven and Workington,8.054,1871
E14001584,North West,Widnes and Halewood,6.698,1950
E14001585,North West,Wigan,5.494,1662
E14001589,North West,Wirral West,7.447,1774
E14001598,North West,Worsley and Eccles,6.01,1744
E14001602,North West,Wythenshawe and Sale East,5.015,1707
E12000003,Yorkshire and The Humber,,0,0
E14001074,Yorkshire and The Humber,Barnsley North,10.739,3000
E14001075,Yorkshire and The Humber,Barnsley South,10.329,3076
E14001087,Yorkshire and The Humber,Beverley and Holderness,12.184,2803
E14001118,Yorkshire and The Humber,Bradford East,3.452,969
E14001119,Yorkshire and The Humber,Bradford South,5.422,1383
E14001120,Yorkshire and The Humber,Bradford West,3.501,859
E14001127,Yorkshire and The Humber,Bridlington and The Wolds,13.856,3081
E14001128,Yorkshire and The Humber,Brigg and Immingham,15.212,3565
E14001147,Yorkshire and The Humber,Calder Valley,8.797,2124
E14001177,Yorkshire and The Humber,Colne Valley,9.018,2327
E14001196,Yorkshire and The Humber,Dewsbury and Batley,6.206,1689
E14001198,Yorkshire and The Humber,Doncaster Central,11.348,3027
E14001199,Yorkshire and The Humber,Doncaster East and the Isle of Axholme,16.539,4099
E14001200,Yorkshire and The Humber,Doncaster North,11.141,3169
E14001250,Yorkshire and The Humber,Goole and Pocklington,16.027,3514
E14001255,Yorkshire and The Humber,Great Grimsby and Cleethorpes,7.062,1808
E14001262,Yorkshire and The Humber,Halifax,6.593,1623
E14001269,Yorkshire and The Humber,Harrogate and Knaresborough,7.091,1922
E14001297,Yorkshire and The Humber,Huddersfield,6.854,1997
E14001308,Yorkshire and The Humber,Keighley and Ilkley,7.022,1736
E14001313,Yorkshire and The Humber,Kingston upon Hull East,6.227,1838
E14001314,Yorkshire and The Humber,Kingston upon Hull North and Cottingham,6.088,1645
E14001315,Yorkshire and The Humber,Kingston upon Hull West and Haltemprice,5.5,1482
E14001319,Yorkshire and The Humber,Leeds Central and Headingley,2.785,802
E14001320,Yorkshire and The Humber,Leeds East,6.352,1869
E14001321,Yorkshire and The Humber,Leeds North East,5.507,1494
E14001322,Yorkshire and The Humber,Leeds North West,7.417,1842
E14001323,Yorkshire and The Humber,Leeds South,4.744,1528
E14001324,Yorkshire and The Humber,Leeds South West and Morley,6.978,1774
E14001325,Yorkshire and The Humber,Leeds West and Pudsey,4.459,1307
E14001383,Yorkshire and The Humber,Normanton and Hemsworth,11.549,3371
E14001418,Yorkshire and The Humber,Ossett and Denby Dale,9.767,2539
E14001423,Yorkshire and The Humber,Penistone and Stocksbridge,10.674,2727
E14001428,Yorkshire and The Humber,"Pontefract, Castleford and Knottingley",9.49,2561
E14001436,Yorkshire and The Humber,Rawmarsh and Conisbrough,9.563,2629
E14001444,Yorkshire and The Humber,Richmond and Northallerton,17.588,3909
E14001451,Yorkshire and The Humber,Rother Valley,10.942,2914
E14001452,Yorkshire and The Humber,Rotherham,8.074,2672
E14001461,Yorkshire and The Humber,Scarborough and Whitby,10.377,2727
E14001462,Yorkshire and The Humber,Scunthorpe,16.459,4422
E14001464,Yorkshire and The Humber,Selby,16.098,3655
E14001466,Yorkshire and The Humber,Sheffield Brightside and Hillsborough,6.357,1962
E14001467,Yorkshire and The Humber,Sheffield Central,2.712,719
E14001468,Yorkshire and The Humber,Sheffield Hallam,9.765,2398
E14001469,Yorkshire and The Humber,Sheffield Heeley,4.82,1607
E14001470,Yorkshire and The Humber,Sheffield South East,7.784,2122
E14001472,Yorkshire and The Humber,Shipley,6.675,1626
E14001475,Yorkshire and The Humber,Skipton and Ripon,15.196,3326
E14001506,Yorkshire and The Humber,Spen Valley,7.214,2089
E14001544,Yorkshire and The Humber,Thirsk and Malton,20.955,4942
E14001560,Yorkshire and The Humber,Wakefield and Rothwell,8.8,2390
E14001582,Yorkshire and The Humber,Wetherby and Easingwold,16.624,3700
E14001604,Yorkshire and The Humber,York Central,6.889,2070
E14001605,Yorkshire and The Humber,York Outer,12.009,2971
E12000004,East Midlands,,0,0
E14001066,East Midlands,Amber Valley,8.443,2154
E14001068,East Midlands,Ashfield,9.571,2489
E14001079,East Midlands,Bassetlaw,18.162,4596
E14001109,East Midlands,Bolsover,11.995,2969
E14001114,East Midlands,Boston and Skegness,24.847,5910
E14001140,East Midlands,Broxtowe,8.348,2125
E14001165,East Midlands,Chesterfield,10.129,2716
E14001179,East Midlands,Corby and East Northamptonshire,13.396,3427
E14001192,East Midlands,Daventry,15.399,3431
E14001193,East Midlands,Derby North,8.881,2774
E14001194,East Midlands,Derby South,8.9,2644
E14001195,East Midlands,Derbyshire Dales,16.472,3644
E14001228,East Midlands,Erewash,7.715,2054
E14001243,East Midlands,Gainsborough,20.057,4659
E14001245,East Midlands,Gedling,8.908,2391
E14001253,East Midlands,Grantham and Bourne,16.418,3815
E14001266,East Midlands,"Harborough, Oadby and Wigston",10.89,2525
E14001287,East Midlands,High Peak,7.504,1843
E14001288,East Midlands,Hinckley and Bosworth,12.803,2991
E14001311,East Midlands,Kettering,10.208,2929
E14001326,East Midlands,Leicester East,9.222,2629
E14001327,East Midlands,Leicester South,5.398,1664
E14001328,East Midlands,Leicester West,9.411,2826
E14001336,East Midlands,Lincoln,9.399,2374
E14001342,East Midlands,Loughborough,9.497,2189
E14001343,East Midlands,Louth and Horncastle,20.815,4989
E14001355,East Midlands,Mansfield,9.604,2390
E14001357,East Midlands,Melton and Syston,13.443,3108
E14001362,East Midlands,Mid Derbyshire,9.688,2415
E14001364,East Midlands,Mid Leicestershire,10.369,2562
E14001375,East Midlands,Newark,19.536,4379
E14001391,East Midlands,North East Derbyshire,10.211,2504
E14001404,East Midlands,North West Leicestershire,11.599,2811
E14001406,East Midlands,Northampton North,6.836,2117
E14001407,East Midlands,Northampton South,11.019,3287
E14001410,East Midlands,Nottingham East,6.818,2299
E14001411,East Midlands,Nottingham North and Kimberley,12.179,4088
E14001412,East Midlands,Nottingham South,9.867,3229
E14001457,East Midlands,Rushcliffe,15.33,3590
E14001458,East Midlands,Rutland and Stamford,15.675,3605
E14001471,East Midlands,Sherwood Forest,14.268,3423
E14001476,East Midlands,Sleaford and North Hykeham,19.913,4587
E14001483,East Midlands,South Derbyshire,11.671,2625
E14001487,East Midlands,South Holland and The Deepings,21.234,5186
E14001488,East Midlands,South Leicestershire,13.34,2979
E14001490,East Midlands,South Northamptonshire,13.278,2801
E14001571,East Midlands,Wellingborough and Rushden,9.507,2528
E12000005,West Midlands,,0,0
E14001064,West Midlands,Aldridge-Brownhills,5.282,1395
E14001092,West Midlands,Birmingham Edgbaston,4.69,1472
E14001093,West Midlands,Birmingham Erdington,4.167,1360
E14001094,West Midlands,Birmingham Hall Green and Moseley,3.929,1018
E14001095,West Midlands,Birmingham Hodge Hill and Solihull North,5.763,1776
E14001096,West Midlands,Birmingham Ladywood,3.855,1318
E14001097,West Midlands,Birmingham Northfield,4.283,1433
E14001098,West Midlands,Birmingham Perry Barr,4.29,1374
E14001099,West Midlands,Birmingham Selly Oak,3.481,935
E14001100,West Midlands,Birmingham Yardley,3.304,1002
E14001138,West Midlands,Bromsgrove,9.607,2145
E14001143,West Midlands,Burton and Uttoxeter,10.403,2477
E14001150,West Midlands,Cannock Chase,8.339,2254
E14001180,West Midlands,Coventry East,6.958,1931
E14001181,West Midlands,Coventry North West,4.247,1149
E14001182,West Midlands,Coventry South,5.553,1452
E14001203,West Midlands,Droitwich and Evesham,15.219,3916
E14001204,West Midlands,Dudley,4.131,1234
E14001261,West Midlands,Halesowen,5.119,1344
E14001281,West Midlands,Hereford and South Herefordshire,16.889,3615
E14001309,West Midlands,Kenilworth and Southam,14.594,3384
E14001316,West Midlands,Kingswinford and South Staffordshire,6.616,1531
E14001335,West Midlands,Lichfield,9.744,2146
E14001358,West Midlands,Meriden and Solihull East,7.637,1710
E14001380,West Midlands,Newcastle-under-Lyme,6.91,1985
E14001395,West Midlands,North Herefordshire,25.352,5054
E14001398,West Midlands,North Shropshire,18.258,4105
E14001400,West Midlands,North Warwickshire and Bedworth,7.921,2005
E14001413,West Midlands,Nuneaton,6.869,1814
E14001441,West Midlands,Redditch,8.525,2044
E14001453,West Midlands,Rugby,9.939,2328
E14001473,West Midlands,Shrewsbury,11.279,2630
E14001478,West Midlands,Smethwick,3.909,1060
E14001479,West Midlands,Solihull West and Shirley,5.263,1209
E14001493,West Midlands,South Shropshire,19.591,4119
E14001513,West Midlands,Stafford,12.472,2964
E14001514,West Midlands,Staffordshire Moorlands,9.445,2261
E14001520,West Midlands,Stoke-on-Trent Central,10.246,3461
E14001521,West Midlands,Stoke-on-Trent North,9.627,3218
E14001522,West Midlands,Stoke-on-Trent South,11.69,3512
E14001523,West Midlands,"Stone, Great Wyrley and Penkridge",10.332,2374
E14001524,West Midlands,Stourbridge,4.801,1171
E14001526,West Midlands,Stratford-on-Avon,14.162,3514
E14001535,West Midlands,Sutton Coldfield,6.098,1380
E14001538,West Midlands,Tamworth,7.537,1838
E14001541,West Midlands,Telford,7.843,2043
E14001543,West Midlands,The Wrekin,13.671,3208
E14001547,West Midlands,Tipton and Wednesbury,4.852,1472
E14001562,West Midlands,Walsall and Bloxwich,6.054,1841
E14001566,West Midlands,Warwick and Leamington,8.954,2451
E14001574,West Midlands,West Bromwich,5.145,1487
E14001579,West Midlands,West Worcestershire,20.294,4827
E14001594,West Midlands,Wolverhampton North East,5.047,1379
E14001595,West Midlands,Wolverhampton South East,4.971,1409
E14001596,West Midlands,Wolverhampton West,5.145,1342
E14001597,West Midlands,Worcester,8.264,2187
E14001601,West Midlands,Wyre Forest,8.498,2049
E12000006,East,,0,0
E14001077,East,Basildon and Billericay,7.349,1830
E14001084,East,Bedford,7.31,1850
E14001121,East,Braintree,11.901,2808
E14001125,East,Brentwood and Ongar,7.487,1752
E14001136,East,Broadland and Fakenham,20.405,4713
E14001139,East,Broxbourne,4.923,1358
E14001146,East,Bury St Edmunds and Stowmarket,19.21,4740
E14001149,East,Cambridge,10.512,3318
E14001154,East,Castle Point,6.383,1663
E14001156,East,Central Suffolk and North Ipswich,18.647,4335
E14001159,East,Chelmsford,8.671,2142
E14001174,East,Clacton,13.415,3550
E14001176,East,Colchester,14.887,4334
E14001206,East,Dunstable and Leighton Buzzard,8.061,1887
E14001224,East,Ely and East Cambridgeshire,20.463,4791
E14001226,East,Epping Forest,5.082,1298
E14001256,East,Great Yarmouth,13.335,3370
E14001267,East,Harlow,7.072,1692
E14001268,East,Harpenden and Berkhamsted,11.391,2684
E14001273,East,Harwich and North Essex,17.428,4200
E14001278,East,Hemel Hempstead,6.614,1640
E14001283,East,Hertford and Stortford,8.919,2284
E14001284,East,Hertsmere,5.324,1229
E14001289,East,Hitchin,10.772,2820
E14001298,East,Huntingdon,16.874,3765
E14001302,East,Ipswich,9.253,2667
E14001344,East,Lowestoft,11.245,2810
E14001345,East,Luton North,5.345,1627
E14001346,East,Luton South and South Bedfordshire,5.265,1370
E14001351,East,Maldon,14.624,3366
E14001359,East,Mid Bedfordshire,11.441,2741
E14001365,East,Mid Norfolk,22.769,5049
E14001384,East,North Bedfordshire,15.316,3282
E14001390,East,North East Cambridgeshire,16.209,3931
E14001393,East,North East Hertfordshire,11.399,2993
E14001396,East,North Norfolk,20.207,4385
E14001401,East,North West Cambridgeshire,19.028,5228
E14001402,East,North West Essex,15.883,4129
E14001405,East,North West Norfolk,16.381,3576
E14001408,East,Norwich North,9.758,2684
E14001409,East,Norwich South,8.411,2353
E14001425,East,Peterborough,23.646,7325
E14001437,East,Rayleigh and Wickford,8.082,2134
E14001480,East,South Basildon and East Thurrock,6.331,1826
E14001481,East,South Cambridgeshire,26.681,6534
E14001489,East,South Norfolk,23.816,5495
E14001494,East,South Suffolk,20.221,5216
E14001496,East,South West Hertfordshire,6.841,1664
E14001497,East,South West Norfolk,19.784,4439
E14001501,East,Southend East and Rochford,5.842,1699
E14001502,East,Southend West and Leigh,4.939,1457
E14001507,East,St Albans,9.344,2433
E14001512,East,St Neots and Mid Cambridgeshire,20.508,5106
E14001516,East,Stevenage,6.912,1846
E14001530,East,Suffolk Coastal,21.311,4998
E14001546,East,Thurrock,4.852,1736
E14001568,East,Watford,4.294,1091
E14001569,East,Waveney Valley,22.868,5193
E14001573,East,Welwyn Hatfield,7.482,1925
E14001578,East,West Suffolk,18.475,4204
E14001590,East,Witham,14.069,3390
E12000007,London,,0,0
E14001073,London,Barking,3.82,1256
E14001081,London,Battersea,1.916,487
E14001083,London,Beckenham and Penge,3.214,823
E14001085,London,Bermondsey and Old Southwark,2.399,305
E14001086,London,Bethnal Green and Stepney,1.457,272
E14001089,London,Bexleyheath and Crayford,4.197,1155
E14001122,London,Brent East,3.265,886
E14001123,London,Brent West,3.391,767
E14001124,London,Brentford and Isleworth,3.409,866
E14001137,London,Bromley and Biggin Hill,4.879,1184
E14001153,London,Carshalton and Wallington,4.466,1236
E14001160,London,Chelsea and Fulham,0.983,295
E14001167,London,Chingford and Woodford Green,3.468,1089
E14001169,London,Chipping Barnet,4.682,1295
E14001172,London,Cities of London and Westminster,2.14,380
E14001175,London,Clapham and Brixton Hill,1.992,452
E14001186,London,Croydon East,3.764,1120
E14001187,London,Croydon South,6.78,1700
E14001188,London,Croydon West,2.934,754
E14001189,London,Dagenham and Rainham,4.012,1543
E14001205,London,Dulwich and West Norwood,2.727,759
E14001207,London,Ealing Central and Acton,3.336,697
E14001208,London,Ealing North,4.278,1243
E14001209,London,Ealing Southall,2.638,753
E14001213,London,East Ham,1.35,417
E14001221,London,Edmonton and Winchmore Hill,2.446,628
E14001223,London,Eltham and Chislehurst,3.54,934
E14001225,London,Enfield North,3.067,834
E14001229,London,Erith and Thamesmead,3.169,1067
E14001236,London,Feltham and Heston,3.697,928
E14001238,London,Finchley and Golders Green,2.898,768
E14001257,London,Greenwich and Woolwich,3.407,604
E14001259,London,Hackney North and Stoke Newington,1.972,542
E14001260,London,Hackney South and Shoreditch,2.565,422
E14001264,London,Hammersmith and Chiswick,1.817,436
E14001265,London,Hampstead and Highgate,2.023,495
E14001270,London,Harrow East,4.612,1031
E14001271,London,Harrow West,2.855,783
E14001276,London,Hayes and Harlington,3.243,808
E14001279,London,Hendon,2.968,666
E14001290,London,Holborn and St Pancras,1.61,347
E14001292,London,Hornchurch and Upminster,4.882,1692
E14001293,London,Hornsey and Friern Barnet,2.722,718
E14001300,London,Ilford North,3.22,886
E14001301,London,Ilford South,2.499,665
E14001305,London,Islington North,1.801,494
E14001306,London,Islington South and Finsbury,1.904,344
E14001310,London,Kensington and Bayswater,1.116,292
E14001312,London,Kingston and Surbiton,4.002,1107
E14001331,London,Lewisham East,2.455,669
E14001332,London,Lewisham North,2.521,713
E14001333,London,Lewisham West and East Dulwich,2.495,731
E14001334,London,Leyton and Wanstead,2.837,909
E14001371,London,Mitcham and Morden,3.35,937
E14001414,London,Old Bexley and Sidcup,3.349,904
E14001417,London,Orpington,5.13,1377
E14001421,London,Peckham,2.099,363
E14001430,London,Poplar and Limehouse,2.152,290
E14001434,London,Putney,1.841,547
E14001435,London,Queen's Park and Maida Vale,1.97,574
E14001445,London,Richmond Park,4.318,1125
E14001448,London,Romford,3.475,962
E14001454,London,"Ruislip, Northwood and Pinner",4.737,1099
E14001503,London,Southgate and Wood Green,2.757,732
E14001525,London,Stratford and Bow,1.634,452
E14001527,London,Streatham and Croydon North,2.828,801
E14001534,London,Sutton and Cheam,4.014,965
E14001550,London,Tooting,2.003,533
E14001553,London,Tottenham,1.909,506
E14001556,London,Twickenham,4.275,1278
E14001558,London,Uxbridge and South Ruislip,3.665,891
E14001559,London,Vauxhall and Camberwell Green,1.55,341
E14001563,London,Walthamstow,4.104,1435
E14001576,London,West Ham and Beckton,1.856,496
E14001586,London,Wimbledon,4.395,1185
E12000008,South East,,0,0
E14001063,South East,Aldershot,7.6,2024
E14001067,South East,Arundel and South Downs,15.532,3541
E14001069,South East,Ashford,13.271,3280
E14001071,South East,Aylesbury,9.679,2348
E14001072,South East,Banbury,13.012,3051
E14001078,South East,Basingstoke,8.774,2014
E14001082,South East,Beaconsfield,8.463,1880
E14001088,South East,Bexhill and Battle,12.722,2830
E14001090,South East,Bicester and Woodstock,14.744,3504
E14001108,South East,Bognor Regis and Littlehampton,9.635,2392
E14001117,South East,Bracknell,8.801,2108
E14001129,South East,Brighton Kemptown and Peacehaven,8.713,2517
E14001130,South East,Brighton Pavilion,4.996,1297
E14001141,South East,Buckingham and Bletchley,12.242,3054
E14001151,South East,Canterbury,11.029,2578
E14001157,South East,Chatham and Aylesford,5.639,1418
E14001162,South East,Chesham and Amersham,10.052,2277
E14001166,South East,Chichester,15.8,4017
E14001184,South East,Crawley,7.998,2077
E14001191,South East,Dartford,6.034,1850
E14001197,South East,Didcot and Wantage,15.766,3534
E14001201,South East,Dorking and Horley,11.442,2937
E14001202,South East,Dover and Deal,10.086,2576
E14001210,South East,Earley and Woodley,9.618,2241
E14001212,South East,East Grinstead and Uckfield,15.181,3449
E14001214,South East,East Hampshire,17.585,4517
E14001215,South East,East Surrey,10.573,2622
E14001216,South East,East Thanet,7.447,1866
E14001218,South East,East Worthing and Shoreham,8.056,1978
E14001219,South East,Eastbourne,7.578,1966
E14001220,South East,Eastleigh,10.016,2955
E14001227,South East,Epsom and Ewell,7.272,1794
E14001230,South East,Esher and Walton,6.968,1624
E14001233,South East,Fareham and Waterlooville,11.459,3030
E14001234,South East,Farnham and Bordon,12.277,2967
E14001235,South East,Faversham and Mid Kent,9.597,2411
E14001239,South East,Folkestone and Hythe,10.39,2588
E14001246,South East,Gillingham and Rainham,5.183,1211
E14001249,South East,Godalming and Ash,12.325,3001
E14001252,South East,Gosport,9.974,2671
E14001254,South East,Gravesham,9.116,2918
E14001258,South East,Guildford,9.803,2455
E14001263,South East,Hamble Valley,14.689,4097
E14001274,South East,Hastings and Rye,8.421,2107
E14001275,South East,Havant,10.679,2781
E14001280,South East,Henley and Thame,13.433,2936
E14001282,South East,Herne Bay and Sandwich,10.929,2675
E14001294,South East,Horsham,13.083,2926
E14001296,South East,Hove and Portslade,5.143,1360
E14001303,South East,Isle of Wight East,7.963,2171
E14001304,South East,Isle of Wight West,16.599,2922
E14001330,South East,Lewes,15.331,3764
E14001348,South East,Maidenhead,10.795,2515
E14001349,South East,Maidstone and Malling,7.743,2378
E14001360,South East,Mid Buckinghamshire,14.116,3136
E14001366,South East,Mid Sussex,11.884,3246
E14001369,South East,Milton Keynes Central,11.965,2844
E14001370,South East,Milton Keynes North,11.049,2800
E14001373,South East,New Forest East,13.361,3228
E14001374,South East,New Forest West,14.965,3519
E14001376,South East,Newbury,10.401,2311
E14001392,South East,North East Hampshire,13.884,3426
E14001403,South East,North West Hampshire,13.069,2838
E14001419,South East,Oxford East,6.508,1827
E14001420,South East,Oxford West and Abingdon,9.84,2218
E14001431,South East,Portsmouth North,6.5,1745
E14001432,South East,Portsmouth South,3.403,806
E14001438,South East,Reading Central,6.741,1817
E14001439,South East,Reading West and Mid Berkshire,10.827,2679
E14001442,South East,Reigate,9.984,2518
E14001447,South East,Rochester and Strood,6.219,1597
E14001449,South East,Romsey and Southampton North,16.5,3602
E14001456,South East,Runnymede and Weybridge,8.607,2090
E14001465,South East,Sevenoaks,9.495,2279
E14001474,South East,Sittingbourne and Sheppey,8.514,2242
E14001477,South East,Slough,4.8,1371
E14001499,South East,Southampton Itchen,5.973,1957
E14001500,South East,Southampton Test,6.31,1987
E14001505,South East,Spelthorne,5.417,1508
E14001532,South East,Surrey Heath,10.085,2190
E14001533,South East,Sussex Weald,16.101,3468
E14001549,South East,Tonbridge,10.98,2389
E14001555,South East,Tunbridge Wells,11.638,2699
E14001570,South East,Weald of Kent,16.496,3525
E14001587,South East,Winchester,18.596,4217
E14001588,South East,Windsor,6.814,1620
E14001591,South East,Witney,13.578,3310
E14001592,South East,Woking,9.297,2246
E14001593,South East,Wokingham,13.694,2854
E14001599,South East,Worthing West,9.093,2248
E14001600,South East,Wycombe,7.49,1842
E12000009,South West,,0,0
E14001080,South West,Bath,7.556,2025
E14001115,South West,Bournemouth East,5.711,1560
E14001116,South West,Bournemouth West,8.31,2473
E14001126,South West,Bridgwater,14.467,3581
E14001131,South West,Bristol Central,4.669,1279
E14001132,South West,Bristol East,5.858,1838
E14001133,South West,Bristol North East,6.379,1951
E14001134,South West,Bristol North West,9.033,2592
E14001135,South West,Bristol South,5.945,1914
E14001148,South West,Camborne and Redruth,21.041,5172
E14001155,South West,Central Devon,26.83,6042
E14001161,South West,Cheltenham,9.32,2540
E14001168,South West,Chippenham,12.51,2924
E14001171,South West,Christchurch,10.673,2596
E14001217,South West,East Wiltshire,16.646,3673
E14001231,South West,Exeter,8.821,2536
E14001232,South West,Exmouth and Exeter East,16.956,4468
E14001237,South West,Filton and Bradley Stoke,10.034,2575
E14001240,South West,Forest of Dean,19.332,4824
E14001241,South West,Frome and East Somerset,14.86,3645
E14001247,South West,Glastonbury and Somerton,20.426,4515
E14001248,South West,Gloucester,9.607,2502
E14001291,South West,Honiton and Sidmouth,21.268,5160
E14001356,South West,Melksham and Devizes,17.628,4149
E14001363,South West,Mid Dorset and North Poole,14.505,3639
E14001381,South West,Newton Abbot,14.699,3463
E14001385,South West,North Cornwall,29.857,6684
E14001386,South West,North Cotswolds,16.471,3323
E14001387,South West,North Devon,23.685,5445
E14001388,South West,North Dorset,18.202,3851
E14001394,South West,North East Somerset and Hanham,13.016,3131
E14001399,South West,North Somerset,20.206,5211
E14001426,South West,Plymouth Moor View,14.462,5083
E14001427,South West,Plymouth Sutton and Devonport,5.797,1743
E14001429,South West,Poole,10.545,3260
E14001460,South West,Salisbury,16.787,3841
E14001482,South West,South Cotswolds,16.601,3470
E14001484,South West,South Devon,23.684,5668
E14001485,South West,South Dorset,12.501,3242
E14001486,South West,South East Cornwall,21.431,5131
E14001495,South West,South West Devon,17.653,4462
E14001498,South West,South West Wiltshire,14.714,3620
E14001508,South West,St Austell and Newquay,20.024,4839
E14001511,South West,St Ives,21.483,5063
E14001529,South West,Stroud,15.679,3855
E14001536,South West,Swindon North,10.236,2463
E14001537,South West,Swindon South,10.874,2880
E14001540,South West,Taunton and Wellington,17.088,4428
E14001542,South West,Tewkesbury,12.699,3363
E14001545,South West,Thornbury and Yate,16.269,3943
E14001548,South West,Tiverton and Minehead,24.265,5693
E14001551,South West,Torbay,7.951,2070
E14001552,South West,Torridge and Tavistock,26.643,6030
E14001554,South West,Truro and Falmouth,18.948,4288
E14001572,South West,Wells and Mendip Hills,22.682,5371
E14001575,South West,West Dorset,22.302,4608
E14001581,South West,Weston-Super-Mare,12.898,4104
E14001603,South West,Yeovil,16.97,3989
W92000004,Wales,,0,0
W07000081,Wales,Aberafan Maesteg,7.954,2251
W07000082,Wales,Alyn and Deeside,12.271,3342
W07000083,Wales,Bangor Aberconwy,14.179,3391
W07000084,Wales,Blaenau Gwent and Rhymney,7.117,2338
W07000085,Wales,"Brecon, Radnor and Cwm Tawe",23.499,5321
W07000086,Wales,Bridgend,8.668,2308
W07000087,Wales,Caerfyrddin,26.532,5995
W07000088,Wales,Caerphilly,8.668,2538
W07000089,Wales,Cardiff East,6.78,2078
W07000090,Wales,Cardiff North,6.858,1821
W07000091,Wales,Cardiff South and Penarth,6.623,1813
W07000092,Wales,Cardiff West,6.933,1825
W07000093,Wales,Ceredigion Preseli,33.308,7547
W07000094,Wales,Clwyd East,22.755,5681
W07000095,Wales,Clwyd North,12.262,3341
W07000096,Wales,Dwyfor Meirionnydd,23.206,5418
W07000097,Wales,Gower,12.248,2973
W07000098,Wales,Llanelli,13.513,3195
W07000099,Wales,Merthyr Tydfil and Aberdare,7.267,2085
W07000100,Wales,Mid and South Pembrokeshire,25.211,5733
W07000101,Wales,Monmouthshire,22.354,5613
W07000102,Wales,Montgomeryshire and Glyndwr,24.529,6333
W07000103,Wales,Neath and Swansea East,9.459,2545
W07000104,Wales,Newport East,9.175,2707
W07000105,Wales,Newport West and Islwyn,8.104,2197
W07000106,Wales,Pontypridd,9.375,2583
W07000107,Wales,Rhondda and Ogmore,7.333,2314
W07000108,Wales,Swansea West,6.722,1833
W07000109,Wales,Torfaen,9.391,2848
W07000110,Wales,Vale of Glamorgan,11.606,2787
W07000111,Wales,Wrexham,12.027,4163
W07000112,Wales,Ynys M“n,21.619,5714
S92000003,Scotland,,0,0
S14000060,Scotland,Aberdeen North,5.55,1482
S14000061,Scotland,Aberdeen South,4.676,1164
S14000062,Scotland,Aberdeenshire North and Moray East,21.019,5294
S14000063,Scotland,Airdrie and Shotts,5.519,1657
S14000064,Scotland,Alloa and Grangemouth,6.373,1811
S14000065,Scotland,Angus and Perthshire Glens,21.193,5672
S14000066,Scotland,Arbroath and Broughty Ferry,11.896,3110
S14000067,Scotland,"Argyll, Bute and South Lochaber",16.819,4155
S14000107,Scotland,"Ayr, Carrick and Cumnock",8.004,2150
S14000068,Scotland,Bathgate and Linlithgow,7.459,1937
S14000108,Scotland,"Berwickshire, Roxburgh and Selkirk",21.344,5341
S14000069,Scotland,"Caithness, Sutherland and Easter Ross",19.032,5000
S14000109,Scotland,Central Ayrshire,7.509,2485
S14000070,Scotland,Coatbridge and Bellshill,3.414,1225
S14000071,Scotland,Cowdenbeath and Kirkcaldy,7.076,2116
S14000072,Scotland,Cumbernauld and Kirkintilloch,5.853,1728
S14000073,Scotland,Dumfries and Galloway,19.704,4990
S14000074,Scotland,"Dumfriesshire, Clydesdale and Tweeddale",20.178,5047
S14000075,Scotland,Dundee Central,3.747,1232
S14000076,Scotland,Dunfermline and Dollar,7.511,1991
S14000077,Scotland,East Kilbride and Strathaven,5.397,1491
S14000021,Scotland,East Renfrewshire,4.223,1123
S14000078,Scotland,Edinburgh East and Musselburgh,3.047,967
S14000079,Scotland,Edinburgh North and Leith,1.385,425
S14000080,Scotland,Edinburgh South,5.105,1487
S14000081,Scotland,Edinburgh South West,3.702,999
S14000082,Scotland,Edinburgh West,6.409,1887
S14000083,Scotland,Falkirk,5.782,1660
S14000084,Scotland,Glasgow East,3.021,1283
S14000085,Scotland,Glasgow North,1.691,682
S14000086,Scotland,Glasgow North East,2.685,1006
S14000087,Scotland,Glasgow South,1.745,815
S14000088,Scotland,Glasgow South West,2.476,915
S14000089,Scotland,Glasgow West,1.519,531
S14000090,Scotland,Glenrothes and Mid Fife,6.675,2222
S14000091,Scotland,Gordon and Buchan,18.892,4978
S14000092,Scotland,Hamilton and Clyde Valley,7.117,2211
S14000093,Scotland,Inverclyde and Renfrewshire West,4.364,1369
S14000094,Scotland,"Inverness, Skye and West Ross-shire",13.164,3414
S14000110,Scotland,Kilmarnock and Loudoun,6.465,1854
S14000095,Scotland,Livingston,8.462,2437
S14000096,Scotland,Lothian East,11.805,3492
S14000097,Scotland,Mid Dunbartonshire,5.054,1326
S14000045,Scotland,Midlothian,8.313,2534
S14000098,Scotland,"Moray West, Nairn and Strathspey",19.569,5096
S14000099,Scotland,"Motherwell, Wishaw and Carluke",6.847,2295
S14000027,Scotland,Na h-Eileanan an Iar,2.262,593
S14000048,Scotland,North Ayrshire and Arran,10.083,3210
S14000100,Scotland,North East Fife,11.108,2993
S14000051,Scotland,Orkney and Shetland,3.564,876
S14000101,Scotland,Paisley and Renfrewshire North,3.775,1421
S14000102,Scotland,Paisley and Renfrewshire South,5.6,1933
S14000103,Scotland,Perth and Kinross-shire,13.875,3380
S14000104,Scotland,Rutherglen,4.016,1627
S14000105,Scotland,Stirling and Strathallan,19.941,5651
S14000111,Scotland,West Aberdeenshire and Kincardine,21.471,5345
S14000106,Scotland,West Dunbartonshire,4.063,1334
N92000002,Northern Ireland,,0,0
N05000001,Northern Ireland,Belfast East,3.622,752
N05000002,Northern Ireland,Belfast North,3.466,877
N05000003,Northern Ireland,Belfast South and Mid Down,5.206,1038
N05000004,Northern Ireland,Belfast West,2.835,715
N05000005,Northern Ireland,East Antrim,9.209,1838
N05000006,Northern Ireland,East Londonderry,10.238,1974
N05000007,Northern Ireland,Fermanagh and South Tyrone,11.538,2086
N05000008,Northern Ireland,Foyle,4.495,1285
N05000009,Northern Ireland,Lagan Valley,10.724,2048
N05000010,Northern Ireland,Mid Ulster,11.536,1782
N05000011,Northern Ireland,Newry and Armagh,9.164,1802
N05000012,Northern Ireland,North Antrim,9.521,1778
N05000013,Northern Ireland,North Down,6.833,1422
N05000014,Northern Ireland,South Antrim,10.344,1968
N05000015,Northern Ireland,South Down,11.853,2252
N05000016,Northern Ireland,Strangford,10.669,2086
N05000017,Northern Ireland,Upper Bann,8.55,1726
N05000018,Northern Ireland,West Tyrone,10.595,1997